,date,period,channel,rate(%)
25922,"	2014-12-06","	0000",浙江卫视,"	0.051"
25923,"	2014-12-06","	0001",浙江卫视,"	0.235"
25924,"	2014-12-06","	0002",浙江卫视,"	0.382"
25925,"	2014-12-06","	0003",浙江卫视,"	0.584"
25926,"	2014-12-06","	0004",浙江卫视,"	0.783"
25927,"	2014-12-06","	0005",浙江卫视,"	0.830"
25928,"	2014-12-06","	0006",浙江卫视,"	0.835"
25929,"	2014-12-06","	0007",浙江卫视,"	0.792"
25930,"	2014-12-06","	0008",浙江卫视,"	0.679"
25931,"	2014-12-06","	0009",浙江卫视,"	0.681"
25932,"	2014-12-06","	0010",浙江卫视,"	0.681"
25933,"	2014-12-06","	0011",浙江卫视,"	0.653"
25934,"	2014-12-06","	0012",浙江卫视,"	0.624"
25935,"	2014-12-06","	0013",浙江卫视,"	0.583"
25936,"	2014-12-06","	0014",浙江卫视,"	0.502"
25937,"	2014-12-06","	0015",浙江卫视,"	0.464"
25938,"	2014-12-06","	0016",浙江卫视,"	0.431"
25939,"	2014-12-06","	0017",浙江卫视,"	0.408"
25940,"	2014-12-06","	0018",浙江卫视,"	0.422"
25941,"	2014-12-06","	0019",浙江卫视,"	0.462"
25942,"	2014-12-06","	0020",浙江卫视,"	0.522"
25943,"	2014-12-06","	0021",浙江卫视,"	0.570"
25944,"	2014-12-06","	0022",浙江卫视,"	0.616"
25945,"	2014-12-06","	0023",浙江卫视,"	0.646"
25946,"	2014-12-06","	0024",浙江卫视,"	0.663"
25947,"	2014-12-06","	0025",浙江卫视,"	0.666"
25948,"	2014-12-06","	0026",浙江卫视,"	0.663"
25949,"	2014-12-06","	0027",浙江卫视,"	0.655"
25950,"	2014-12-06","	0028",浙江卫视,"	0.666"
25951,"	2014-12-06","	0029",浙江卫视,"	0.665"
25952,"	2014-12-06","	0030",浙江卫视,"	0.654"
25953,"	2014-12-06","	0031",浙江卫视,"	0.651"
25954,"	2014-12-06","	0032",浙江卫视,"	0.637"
25955,"	2014-12-06","	0033",浙江卫视,"	0.630"
25956,"	2014-12-06","	0034",浙江卫视,"	0.638"
25957,"	2014-12-06","	0035",浙江卫视,"	0.637"
25958,"	2014-12-06","	0036",浙江卫视,"	0.623"
25959,"	2014-12-06","	0037",浙江卫视,"	0.620"
25960,"	2014-12-06","	0038",浙江卫视,"	0.623"
25961,"	2014-12-06","	0039",浙江卫视,"	0.620"
25962,"	2014-12-06","	0040",浙江卫视,"	0.623"
25963,"	2014-12-06","	0041",浙江卫视,"	0.620"
25964,"	2014-12-06","	0042",浙江卫视,"	0.625"
25965,"	2014-12-06","	0043",浙江卫视,"	0.618"
25966,"	2014-12-06","	0044",浙江卫视,"	0.606"
25967,"	2014-12-06","	0045",浙江卫视,"	0.623"
25968,"	2014-12-06","	0046",浙江卫视,"	0.617"
25969,"	2014-12-06","	0047",浙江卫视,"	0.623"
25970,"	2014-12-06","	0048",浙江卫视,"	0.633"
25971,"	2014-12-06","	0049",浙江卫视,"	0.633"
25972,"	2014-12-06","	0050",浙江卫视,"	0.634"
25973,"	2014-12-06","	0051",浙江卫视,"	0.628"
25974,"	2014-12-06","	0052",浙江卫视,"	0.628"
25975,"	2014-12-06","	0053",浙江卫视,"	0.617"
25976,"	2014-12-06","	0054",浙江卫视,"	0.616"
25977,"	2014-12-06","	0055",浙江卫视,"	0.622"
25978,"	2014-12-06","	0056",浙江卫视,"	0.602"
25979,"	2014-12-06","	0057",浙江卫视,"	0.596"
25980,"	2014-12-06","	0058",浙江卫视,"	0.588"
25981,"	2014-12-06","	0059",浙江卫视,"	0.578"
25982,"	2014-12-06","	0060",浙江卫视,"	0.574"
25983,"	2014-12-06","	0101",浙江卫视,"	0.527"
25984,"	2014-12-06","	0102",浙江卫视,"	0.519"
25985,"	2014-12-06","	0103",浙江卫视,"	0.513"
25986,"	2014-12-06","	0104",浙江卫视,"	0.502"
25987,"	2014-12-06","	0105",浙江卫视,"	0.509"
25988,"	2014-12-06","	0106",浙江卫视,"	0.506"
25989,"	2014-12-06","	0107",浙江卫视,"	0.518"
25990,"	2014-12-06","	0108",浙江卫视,"	0.518"
25991,"	2014-12-06","	0109",浙江卫视,"	0.514"
25992,"	2014-12-06","	0110",浙江卫视,"	0.526"
25993,"	2014-12-06","	0111",浙江卫视,"	0.517"
25994,"	2014-12-06","	0112",浙江卫视,"	0.521"
25995,"	2014-12-06","	0113",浙江卫视,"	0.500"
25996,"	2014-12-06","	0114",浙江卫视,"	0.494"
25997,"	2014-12-06","	0115",浙江卫视,"	0.506"
25998,"	2014-12-06","	0116",浙江卫视,"	0.492"
25999,"	2014-12-06","	0117",浙江卫视,"	0.487"
26000,"	2014-12-06","	0118",浙江卫视,"	0.483"
26001,"	2014-12-06","	0119",浙江卫视,"	0.455"
26002,"	2014-12-06","	0120",浙江卫视,"	0.464"
26003,"	2014-12-06","	0121",浙江卫视,"	0.454"
26004,"	2014-12-06","	0122",浙江卫视,"	0.454"
26005,"	2014-12-06","	0123",浙江卫视,"	0.444"
26006,"	2014-12-06","	0124",浙江卫视,"	0.437"
26007,"	2014-12-06","	0125",浙江卫视,"	0.435"
26008,"	2014-12-06","	0126",浙江卫视,"	0.431"
26009,"	2014-12-06","	0127",浙江卫视,"	0.430"
26010,"	2014-12-06","	0128",浙江卫视,"	0.414"
26011,"	2014-12-06","	0129",浙江卫视,"	0.412"
26012,"	2014-12-06","	0130",浙江卫视,"	0.408"
26013,"	2014-12-06","	0131",浙江卫视,"	0.402"
26014,"	2014-12-06","	0132",浙江卫视,"	0.408"
26015,"	2014-12-06","	0133",浙江卫视,"	0.403"
26016,"	2014-12-06","	0134",浙江卫视,"	0.398"
26017,"	2014-12-06","	0135",浙江卫视,"	0.399"
26018,"	2014-12-06","	0136",浙江卫视,"	0.391"
26019,"	2014-12-06","	0137",浙江卫视,"	0.386"
26020,"	2014-12-06","	0138",浙江卫视,"	0.393"
26021,"	2014-12-06","	0139",浙江卫视,"	0.390"
26022,"	2014-12-06","	0140",浙江卫视,"	0.393"
26023,"	2014-12-06","	0141",浙江卫视,"	0.393"
26024,"	2014-12-06","	0142",浙江卫视,"	0.394"
26025,"	2014-12-06","	0143",浙江卫视,"	0.388"
26026,"	2014-12-06","	0144",浙江卫视,"	0.377"
26027,"	2014-12-06","	0145",浙江卫视,"	0.379"
26028,"	2014-12-06","	0146",浙江卫视,"	0.375"
26029,"	2014-12-06","	0147",浙江卫视,"	0.368"
26030,"	2014-12-06","	0148",浙江卫视,"	0.362"
26031,"	2014-12-06","	0149",浙江卫视,"	0.362"
26032,"	2014-12-06","	0150",浙江卫视,"	0.367"
26033,"	2014-12-06","	0151",浙江卫视,"	0.370"
26034,"	2014-12-06","	0152",浙江卫视,"	0.374"
26035,"	2014-12-06","	0153",浙江卫视,"	0.369"
26036,"	2014-12-06","	0154",浙江卫视,"	0.372"
26037,"	2014-12-06","	0155",浙江卫视,"	0.370"
26038,"	2014-12-06","	0156",浙江卫视,"	0.366"
26039,"	2014-12-06","	0157",浙江卫视,"	0.361"
26040,"	2014-12-06","	0158",浙江卫视,"	0.362"
26041,"	2014-12-06","	0159",浙江卫视,"	0.363"
26042,"	2014-12-06","	0200",浙江卫视,"	0.359"
26043,"	2014-12-06","	0201",浙江卫视,"	0.359"
26044,"	2014-12-06","	0202",浙江卫视,"	0.362"
26045,"	2014-12-06","	0203",浙江卫视,"	0.359"
26046,"	2014-12-06","	0204",浙江卫视,"	0.359"
26047,"	2014-12-06","	0205",浙江卫视,"	0.362"
26048,"	2014-12-06","	0206",浙江卫视,"	0.363"
26049,"	2014-12-06","	0207",浙江卫视,"	0.360"
26050,"	2014-12-06","	0208",浙江卫视,"	0.358"
26051,"	2014-12-06","	0209",浙江卫视,"	0.360"
26052,"	2014-12-06","	0210",浙江卫视,"	0.359"
26053,"	2014-12-06","	0211",浙江卫视,"	0.361"
26054,"	2014-12-06","	0212",浙江卫视,"	0.359"
26055,"	2014-12-06","	0213",浙江卫视,"	0.355"
26056,"	2014-12-06","	0214",浙江卫视,"	0.361"
26057,"	2014-12-06","	0215",浙江卫视,"	0.362"
26058,"	2014-12-06","	0216",浙江卫视,"	0.364"
26059,"	2014-12-06","	0217",浙江卫视,"	0.363"
26060,"	2014-12-06","	0218",浙江卫视,"	0.360"
26061,"	2014-12-06","	0219",浙江卫视,"	0.364"
26062,"	2014-12-06","	0220",浙江卫视,"	0.358"
26063,"	2014-12-06","	0221",浙江卫视,"	0.357"
26064,"	2014-12-06","	0222",浙江卫视,"	0.361"
26065,"	2014-12-06","	0223",浙江卫视,"	0.360"
26066,"	2014-12-06","	0224",浙江卫视,"	0.354"
26067,"	2014-12-06","	0225",浙江卫视,"	0.362"
26068,"	2014-12-06","	0226",浙江卫视,"	0.357"
26069,"	2014-12-06","	0227",浙江卫视,"	0.354"
26070,"	2014-12-06","	0228",浙江卫视,"	0.354"
26071,"	2014-12-06","	0229",浙江卫视,"	0.356"
26072,"	2014-12-06","	0230",浙江卫视,"	0.357"
26073,"	2014-12-06","	0231",浙江卫视,"	0.347"
26074,"	2014-12-06","	0232",浙江卫视,"	0.344"
26075,"	2014-12-06","	0233",浙江卫视,"	0.344"
26076,"	2014-12-06","	0234",浙江卫视,"	0.347"
26077,"	2014-12-06","	0235",浙江卫视,"	0.349"
26078,"	2014-12-06","	0236",浙江卫视,"	0.346"
26079,"	2014-12-06","	0237",浙江卫视,"	0.346"
26080,"	2014-12-06","	0238",浙江卫视,"	0.344"
26081,"	2014-12-06","	0239",浙江卫视,"	0.347"
26082,"	2014-12-06","	0240",浙江卫视,"	0.349"
26083,"	2014-12-06","	0241",浙江卫视,"	0.346"
26084,"	2014-12-06","	0242",浙江卫视,"	0.346"
26085,"	2014-12-06","	0243",浙江卫视,"	0.344"
26086,"	2014-12-06","	0244",浙江卫视,"	0.347"
26087,"	2014-12-06","	0245",浙江卫视,"	0.351"
26088,"	2014-12-06","	0246",浙江卫视,"	0.348"
26089,"	2014-12-06","	0247",浙江卫视,"	0.346"
26090,"	2014-12-06","	0248",浙江卫视,"	0.344"
26091,"	2014-12-06","	0249",浙江卫视,"	0.347"
26092,"	2014-12-06","	0250",浙江卫视,"	0.349"
26093,"	2014-12-06","	0251",浙江卫视,"	0.347"
26094,"	2014-12-06","	0252",浙江卫视,"	0.349"
26095,"	2014-12-06","	0253",浙江卫视,"	0.344"
26096,"	2014-12-06","	0254",浙江卫视,"	0.347"
26097,"	2014-12-06","	0255",浙江卫视,"	0.349"
26098,"	2014-12-06","	0256",浙江卫视,"	0.346"
26099,"	2014-12-06","	0257",浙江卫视,"	0.348"
26100,"	2014-12-06","	0258",浙江卫视,"	0.345"
26101,"	2014-12-06","	0259",浙江卫视,"	0.347"
26102,"	2014-12-06","	0300",浙江卫视,"	0.349"
26103,"	2014-12-06","	0301",浙江卫视,"	0.346"
26104,"	2014-12-06","	0302",浙江卫视,"	0.348"
26105,"	2014-12-06","	0303",浙江卫视,"	0.347"
26106,"	2014-12-06","	0304",浙江卫视,"	0.350"
26107,"	2014-12-06","	0305",浙江卫视,"	0.352"
26108,"	2014-12-06","	0306",浙江卫视,"	0.347"
26109,"	2014-12-06","	0307",浙江卫视,"	0.348"
26110,"	2014-12-06","	0308",浙江卫视,"	0.347"
26111,"	2014-12-06","	0309",浙江卫视,"	0.350"
26112,"	2014-12-06","	0310",浙江卫视,"	0.349"
26113,"	2014-12-06","	0311",浙江卫视,"	0.344"
26114,"	2014-12-06","	0312",浙江卫视,"	0.345"
26115,"	2014-12-06","	0313",浙江卫视,"	0.344"
26116,"	2014-12-06","	0314",浙江卫视,"	0.347"
26117,"	2014-12-06","	0315",浙江卫视,"	0.348"
26118,"	2014-12-06","	0316",浙江卫视,"	0.342"
26119,"	2014-12-06","	0317",浙江卫视,"	0.340"
26120,"	2014-12-06","	0318",浙江卫视,"	0.338"
26121,"	2014-12-06","	0319",浙江卫视,"	0.341"
26122,"	2014-12-06","	0320",浙江卫视,"	0.342"
26123,"	2014-12-06","	0321",浙江卫视,"	0.337"
26124,"	2014-12-06","	0322",浙江卫视,"	0.333"
26125,"	2014-12-06","	0323",浙江卫视,"	0.313"
26126,"	2014-12-06","	0324",浙江卫视,"	0.312"
26127,"	2014-12-06","	0325",浙江卫视,"	0.303"
26128,"	2014-12-06","	0326",浙江卫视,"	0.286"
26129,"	2014-12-06","	0327",浙江卫视,"	0.267"
26130,"	2014-12-06","	0328",浙江卫视,"	0.279"
26131,"	2014-12-06","	0329",浙江卫视,"	0.283"
26132,"	2014-12-06","	0330",浙江卫视,"	0.298"
26133,"	2014-12-06","	0331",浙江卫视,"	0.319"
26134,"	2014-12-06","	0332",浙江卫视,"	0.336"
26135,"	2014-12-06","	0333",浙江卫视,"	0.338"
26136,"	2014-12-06","	0334",浙江卫视,"	0.343"
26137,"	2014-12-06","	0335",浙江卫视,"	0.345"
26138,"	2014-12-06","	0336",浙江卫视,"	0.344"
26139,"	2014-12-06","	0337",浙江卫视,"	0.344"
26140,"	2014-12-06","	0338",浙江卫视,"	0.327"
26141,"	2014-12-06","	0339",浙江卫视,"	0.320"
26142,"	2014-12-06","	0340",浙江卫视,"	0.305"
26143,"	2014-12-06","	0341",浙江卫视,"	0.296"
26144,"	2014-12-06","	0342",浙江卫视,"	0.284"
26145,"	2014-12-06","	0343",浙江卫视,"	0.286"
26146,"	2014-12-06","	0344",浙江卫视,"	0.292"
26147,"	2014-12-06","	0345",浙江卫视,"	0.313"
26148,"	2014-12-06","	0346",浙江卫视,"	0.321"
26149,"	2014-12-06","	0347",浙江卫视,"	0.331"
26150,"	2014-12-06","	0348",浙江卫视,"	0.338"
26151,"	2014-12-06","	0349",浙江卫视,"	0.343"
26152,"	2014-12-06","	0350",浙江卫视,"	0.346"
26153,"	2014-12-06","	0351",浙江卫视,"	0.344"
26154,"	2014-12-06","	0352",浙江卫视,"	0.343"
26155,"	2014-12-06","	0353",浙江卫视,"	0.340"
26156,"	2014-12-06","	0354",浙江卫视,"	0.340"
26157,"	2014-12-06","	0355",浙江卫视,"	0.335"
26158,"	2014-12-06","	0356",浙江卫视,"	0.339"
26159,"	2014-12-06","	0357",浙江卫视,"	0.337"
26160,"	2014-12-06","	0358",浙江卫视,"	0.332"
26161,"	2014-12-06","	0359",浙江卫视,"	0.327"
26162,"	2014-12-06","	0400",浙江卫视,"	0.324"
26163,"	2014-12-06","	0401",浙江卫视,"	0.315"
26164,"	2014-12-06","	0402",浙江卫视,"	0.306"
26165,"	2014-12-06","	0403",浙江卫视,"	0.281"
26166,"	2014-12-06","	0404",浙江卫视,"	0.260"
26167,"	2014-12-06","	0405",浙江卫视,"	0.246"
26168,"	2014-12-06","	0406",浙江卫视,"	0.235"
26169,"	2014-12-06","	0407",浙江卫视,"	0.228"
26170,"	2014-12-06","	0408",浙江卫视,"	0.207"
26171,"	2014-12-06","	0409",浙江卫视,"	0.207"
26172,"	2014-12-06","	0410",浙江卫视,"	0.200"
26173,"	2014-12-06","	0411",浙江卫视,"	0.193"
26174,"	2014-12-06","	0412",浙江卫视,"	0.177"
26175,"	2014-12-06","	0413",浙江卫视,"	0.168"
26176,"	2014-12-06","	0414",浙江卫视,"	0.152"
26177,"	2014-12-06","	0415",浙江卫视,"	0.138"
26178,"	2014-12-06","	0416",浙江卫视,"	0.132"
26179,"	2014-12-06","	0417",浙江卫视,"	0.120"
26180,"	2014-12-06","	0418",浙江卫视,"	0.103"
26181,"	2014-12-06","	0419",浙江卫视,"	0.096"
26182,"	2014-12-06","	0420",浙江卫视,"	0.085"
26183,"	2014-12-06","	0421",浙江卫视,"	0.070"
26184,"	2014-12-06","	0422",浙江卫视,"	0.057"
26185,"	2014-12-06","	0423",浙江卫视,"	0.050"
26186,"	2014-12-06","	0424",浙江卫视,"	0.042"
26187,"	2014-12-06","	0425",浙江卫视,"	0.030"
26188,"	2014-12-06","	0426",浙江卫视,"	0.025"
26189,"	2014-12-06","	0427",浙江卫视,"	0.000"
26190,"	2014-12-06","	0428",浙江卫视,"	0.006"
26191,"	2014-12-06","	0429",浙江卫视,"	0.000"
26192,"	2014-12-06","	0430",浙江卫视,"	0.000"
26193,"	2014-12-06","	0431",浙江卫视,"	0.000"
26194,"	2014-12-06","	0432",浙江卫视,"	0.000"
26195,"	2014-12-06","	0433",浙江卫视,"	0.006"
26196,"	2014-12-06","	0434",浙江卫视,"	0.000"
26197,"	2014-12-06","	0435",浙江卫视,"	0.000"
26198,"	2014-12-06","	0436",浙江卫视,"	0.000"
26199,"	2014-12-06","	0437",浙江卫视,"	0.012"
26200,"	2014-12-06","	0438",浙江卫视,"	0.007"
26201,"	2014-12-06","	0439",浙江卫视,"	0.000"
26202,"	2014-12-06","	0440",浙江卫视,"	0.000"
26203,"	2014-12-06","	0441",浙江卫视,"	0.000"
26204,"	2014-12-06","	0442",浙江卫视,"	0.000"
26205,"	2014-12-06","	0443",浙江卫视,"	0.006"
26206,"	2014-12-06","	0444",浙江卫视,"	0.000"
26207,"	2014-12-06","	0445",浙江卫视,"	0.000"
26208,"	2014-12-06","	0446",浙江卫视,"	0.000"
26209,"	2014-12-06","	0447",浙江卫视,"	0.009"
26210,"	2014-12-06","	0448",浙江卫视,"	0.000"
26211,"	2014-12-06","	0449",浙江卫视,"	0.000"
26212,"	2014-12-06","	0450",浙江卫视,"	0.000"
26213,"	2014-12-06","	0451",浙江卫视,"	0.000"
26214,"	2014-12-06","	0452",浙江卫视,"	0.000"
26215,"	2014-12-06","	0453",浙江卫视,"	0.008"
26216,"	2014-12-06","	0454",浙江卫视,"	0.009"
26217,"	2014-12-06","	0455",浙江卫视,"	0.000"
26218,"	2014-12-06","	0456",浙江卫视,"	0.000"
26219,"	2014-12-06","	0457",浙江卫视,"	0.009"
26220,"	2014-12-06","	0458",浙江卫视,"	0.008"
26221,"	2014-12-06","	0459",浙江卫视,"	0.000"
26222,"	2014-12-06","	0500",浙江卫视,"	0.009"
26223,"	2014-12-06","	0501",浙江卫视,"	0.000"
26224,"	2014-12-06","	0502",浙江卫视,"	0.000"
26225,"	2014-12-06","	0503",浙江卫视,"	0.004"
26226,"	2014-12-06","	0504",浙江卫视,"	0.000"
26227,"	2014-12-06","	0505",浙江卫视,"	0.009"
26228,"	2014-12-06","	0506",浙江卫视,"	0.000"
26229,"	2014-12-06","	0507",浙江卫视,"	0.000"
26230,"	2014-12-06","	0508",浙江卫视,"	0.004"
26231,"	2014-12-06","	0509",浙江卫视,"	0.000"
26232,"	2014-12-06","	0510",浙江卫视,"	0.000"
26233,"	2014-12-06","	0511",浙江卫视,"	0.009"
26234,"	2014-12-06","	0512",浙江卫视,"	0.000"
26235,"	2014-12-06","	0513",浙江卫视,"	0.004"
26236,"	2014-12-06","	0514",浙江卫视,"	0.000"
26237,"	2014-12-06","	0515",浙江卫视,"	0.000"
26238,"	2014-12-06","	0516",浙江卫视,"	0.011"
26239,"	2014-12-06","	0517",浙江卫视,"	0.000"
26240,"	2014-12-06","	0518",浙江卫视,"	0.004"
26241,"	2014-12-06","	0519",浙江卫视,"	0.000"
26242,"	2014-12-06","	0520",浙江卫视,"	0.000"
26243,"	2014-12-06","	0521",浙江卫视,"	0.000"
26244,"	2014-12-06","	0522",浙江卫视,"	0.000"
26245,"	2014-12-06","	0523",浙江卫视,"	0.007"
26246,"	2014-12-06","	0524",浙江卫视,"	0.000"
26247,"	2014-12-06","	0525",浙江卫视,"	0.009"
26248,"	2014-12-06","	0526",浙江卫视,"	0.000"
26249,"	2014-12-06","	0527",浙江卫视,"	0.000"
26250,"	2014-12-06","	0528",浙江卫视,"	0.004"
26251,"	2014-12-06","	0529",浙江卫视,"	0.000"
26252,"	2014-12-06","	0530",浙江卫视,"	0.000"
26253,"	2014-12-06","	0531",浙江卫视,"	0.000"
26254,"	2014-12-06","	0532",浙江卫视,"	0.000"
26255,"	2014-12-06","	0533",浙江卫视,"	0.011"
26256,"	2014-12-06","	0534",浙江卫视,"	0.000"
26257,"	2014-12-06","	0535",浙江卫视,"	0.000"
26258,"	2014-12-06","	0536",浙江卫视,"	0.000"
26259,"	2014-12-06","	0537",浙江卫视,"	0.000"
26260,"	2014-12-06","	0538",浙江卫视,"	0.013"
26261,"	2014-12-06","	0539",浙江卫视,"	0.000"
26262,"	2014-12-06","	0540",浙江卫视,"	0.000"
26263,"	2014-12-06","	0541",浙江卫视,"	0.000"
26264,"	2014-12-06","	0542",浙江卫视,"	0.013"
26265,"	2014-12-06","	0543",浙江卫视,"	0.011"
26266,"	2014-12-06","	0544",浙江卫视,"	0.013"
26267,"	2014-12-06","	0545",浙江卫视,"	0.000"
26268,"	2014-12-06","	0546",浙江卫视,"	0.015"
26269,"	2014-12-06","	0547",浙江卫视,"	0.017"
26270,"	2014-12-06","	0548",浙江卫视,"	0.011"
26271,"	2014-12-06","	0549",浙江卫视,"	0.015"
26272,"	2014-12-06","	0550",浙江卫视,"	0.016"
26273,"	2014-12-06","	0551",浙江卫视,"	0.000"
26274,"	2014-12-06","	0552",浙江卫视,"	0.000"
26275,"	2014-12-06","	0553",浙江卫视,"	0.013"
26276,"	2014-12-06","	0554",浙江卫视,"	0.016"
26277,"	2014-12-06","	0555",浙江卫视,"	0.016"
26278,"	2014-12-06","	0556",浙江卫视,"	0.000"
26279,"	2014-12-06","	0557",浙江卫视,"	0.000"
26280,"	2014-12-06","	0558",浙江卫视,"	0.013"
26281,"	2014-12-06","	0559",浙江卫视,"	0.016"
26282,"	2014-12-06","	0600",浙江卫视,"	0.016"
26283,"	2014-12-06","	0601",浙江卫视,"	0.000"
26284,"	2014-12-06","	0602",浙江卫视,"	0.000"
26285,"	2014-12-06","	0603",浙江卫视,"	0.013"
26286,"	2014-12-06","	0604",浙江卫视,"	0.016"
26287,"	2014-12-06","	0605",浙江卫视,"	0.016"
26288,"	2014-12-06","	0606",浙江卫视,"	0.000"
26289,"	2014-12-06","	0607",浙江卫视,"	0.000"
26290,"	2014-12-06","	0608",浙江卫视,"	0.013"
26291,"	2014-12-06","	0609",浙江卫视,"	0.019"
26292,"	2014-12-06","	0610",浙江卫视,"	0.020"
26293,"	2014-12-06","	0611",浙江卫视,"	0.000"
26294,"	2014-12-06","	0612",浙江卫视,"	0.000"
26295,"	2014-12-06","	0613",浙江卫视,"	0.013"
26296,"	2014-12-06","	0614",浙江卫视,"	0.016"
26297,"	2014-12-06","	0615",浙江卫视,"	0.018"
26298,"	2014-12-06","	0616",浙江卫视,"	0.000"
26299,"	2014-12-06","	0617",浙江卫视,"	0.019"
26300,"	2014-12-06","	0618",浙江卫视,"	0.017"
26301,"	2014-12-06","	0619",浙江卫视,"	0.015"
26302,"	2014-12-06","	0620",浙江卫视,"	0.000"
26303,"	2014-12-06","	0621",浙江卫视,"	0.000"
26304,"	2014-12-06","	0622",浙江卫视,"	0.000"
26305,"	2014-12-06","	0623",浙江卫视,"	0.007"
26306,"	2014-12-06","	0624",浙江卫视,"	0.000"
26307,"	2014-12-06","	0625",浙江卫视,"	0.013"
26308,"	2014-12-06","	0626",浙江卫视,"	0.016"
26309,"	2014-12-06","	0627",浙江卫视,"	0.000"
26310,"	2014-12-06","	0628",浙江卫视,"	0.013"
26311,"	2014-12-06","	0629",浙江卫视,"	0.017"
26312,"	2014-12-06","	0630",浙江卫视,"	0.000"
26313,"	2014-12-06","	0631",浙江卫视,"	0.013"
26314,"	2014-12-06","	0632",浙江卫视,"	0.000"
26315,"	2014-12-06","	0633",浙江卫视,"	0.010"
26316,"	2014-12-06","	0634",浙江卫视,"	0.000"
26317,"	2014-12-06","	0635",浙江卫视,"	0.000"
26318,"	2014-12-06","	0636",浙江卫视,"	0.018"
26319,"	2014-12-06","	0637",浙江卫视,"	0.020"
26320,"	2014-12-06","	0638",浙江卫视,"	0.013"
26321,"	2014-12-06","	0639",浙江卫视,"	0.017"
26322,"	2014-12-06","	0640",浙江卫视,"	0.000"
26323,"	2014-12-06","	0641",浙江卫视,"	0.013"
26324,"	2014-12-06","	0642",浙江卫视,"	0.000"
26325,"	2014-12-06","	0643",浙江卫视,"	0.010"
26326,"	2014-12-06","	0644",浙江卫视,"	0.000"
26327,"	2014-12-06","	0645",浙江卫视,"	0.000"
26328,"	2014-12-06","	0646",浙江卫视,"	0.015"
26329,"	2014-12-06","	0647",浙江卫视,"	0.015"
26330,"	2014-12-06","	0648",浙江卫视,"	0.010"
26331,"	2014-12-06","	0649",浙江卫视,"	0.000"
26332,"	2014-12-06","	0650",浙江卫视,"	0.016"
26333,"	2014-12-06","	0651",浙江卫视,"	0.016"
26334,"	2014-12-06","	0652",浙江卫视,"	0.022"
26335,"	2014-12-06","	0653",浙江卫视,"	0.023"
26336,"	2014-12-06","	0654",浙江卫视,"	0.000"
26337,"	2014-12-06","	0655",浙江卫视,"	0.030"
26338,"	2014-12-06","	0656",浙江卫视,"	0.032"
26339,"	2014-12-06","	0657",浙江卫视,"	0.030"
26340,"	2014-12-06","	0658",浙江卫视,"	0.029"
26341,"	2014-12-06","	0659",浙江卫视,"	0.038"
26342,"	2014-12-06","	0700",浙江卫视,"	0.045"
26343,"	2014-12-06","	0701",浙江卫视,"	0.043"
26344,"	2014-12-06","	0702",浙江卫视,"	0.048"
26345,"	2014-12-06","	0703",浙江卫视,"	0.047"
26346,"	2014-12-06","	0704",浙江卫视,"	0.047"
26347,"	2014-12-06","	0705",浙江卫视,"	0.046"
26348,"	2014-12-06","	0706",浙江卫视,"	0.045"
26349,"	2014-12-06","	0707",浙江卫视,"	0.043"
26350,"	2014-12-06","	0708",浙江卫视,"	0.034"
26351,"	2014-12-06","	0709",浙江卫视,"	0.042"
26352,"	2014-12-06","	0710",浙江卫视,"	0.043"
26353,"	2014-12-06","	0711",浙江卫视,"	0.042"
26354,"	2014-12-06","	0712",浙江卫视,"	0.043"
26355,"	2014-12-06","	0713",浙江卫视,"	0.041"
26356,"	2014-12-06","	0714",浙江卫视,"	0.045"
26357,"	2014-12-06","	0715",浙江卫视,"	0.046"
26358,"	2014-12-06","	0716",浙江卫视,"	0.046"
26359,"	2014-12-06","	0717",浙江卫视,"	0.050"
26360,"	2014-12-06","	0718",浙江卫视,"	0.046"
26361,"	2014-12-06","	0719",浙江卫视,"	0.054"
26362,"	2014-12-06","	0720",浙江卫视,"	0.053"
26363,"	2014-12-06","	0721",浙江卫视,"	0.053"
26364,"	2014-12-06","	0722",浙江卫视,"	0.053"
26365,"	2014-12-06","	0723",浙江卫视,"	0.050"
26366,"	2014-12-06","	0724",浙江卫视,"	0.055"
26367,"	2014-12-06","	0725",浙江卫视,"	0.059"
26368,"	2014-12-06","	0726",浙江卫视,"	0.061"
26369,"	2014-12-06","	0727",浙江卫视,"	0.060"
26370,"	2014-12-06","	0728",浙江卫视,"	0.060"
26371,"	2014-12-06","	0729",浙江卫视,"	0.060"
26372,"	2014-12-06","	0730",浙江卫视,"	0.063"
26373,"	2014-12-06","	0731",浙江卫视,"	0.064"
26374,"	2014-12-06","	0732",浙江卫视,"	0.060"
26375,"	2014-12-06","	0733",浙江卫视,"	0.060"
26376,"	2014-12-06","	0734",浙江卫视,"	0.063"
26377,"	2014-12-06","	0735",浙江卫视,"	0.063"
26378,"	2014-12-06","	0736",浙江卫视,"	0.062"
26379,"	2014-12-06","	0737",浙江卫视,"	0.061"
26380,"	2014-12-06","	0738",浙江卫视,"	0.044"
26381,"	2014-12-06","	0739",浙江卫视,"	0.047"
26382,"	2014-12-06","	0740",浙江卫视,"	0.048"
26383,"	2014-12-06","	0741",浙江卫视,"	0.049"
26384,"	2014-12-06","	0742",浙江卫视,"	0.051"
26385,"	2014-12-06","	0743",浙江卫视,"	0.047"
26386,"	2014-12-06","	0744",浙江卫视,"	0.054"
26387,"	2014-12-06","	0745",浙江卫视,"	0.056"
26388,"	2014-12-06","	0746",浙江卫视,"	0.059"
26389,"	2014-12-06","	0747",浙江卫视,"	0.056"
26390,"	2014-12-06","	0748",浙江卫视,"	0.049"
26391,"	2014-12-06","	0749",浙江卫视,"	0.059"
26392,"	2014-12-06","	0750",浙江卫视,"	0.066"
26393,"	2014-12-06","	0751",浙江卫视,"	0.073"
26394,"	2014-12-06","	0752",浙江卫视,"	0.077"
26395,"	2014-12-06","	0753",浙江卫视,"	0.076"
26396,"	2014-12-06","	0754",浙江卫视,"	0.077"
26397,"	2014-12-06","	0755",浙江卫视,"	0.085"
26398,"	2014-12-06","	0756",浙江卫视,"	0.091"
26399,"	2014-12-06","	0757",浙江卫视,"	0.087"
26400,"	2014-12-06","	0758",浙江卫视,"	0.082"
26401,"	2014-12-06","	0759",浙江卫视,"	0.091"
26402,"	2014-12-06","	0800",浙江卫视,"	0.080"
26403,"	2014-12-06","	0801",浙江卫视,"	0.077"
26404,"	2014-12-06","	0802",浙江卫视,"	0.086"
26405,"	2014-12-06","	0803",浙江卫视,"	0.083"
26406,"	2014-12-06","	0804",浙江卫视,"	0.082"
26407,"	2014-12-06","	0805",浙江卫视,"	0.085"
26408,"	2014-12-06","	0806",浙江卫视,"	0.083"
26409,"	2014-12-06","	0807",浙江卫视,"	0.077"
26410,"	2014-12-06","	0808",浙江卫视,"	0.072"
26411,"	2014-12-06","	0809",浙江卫视,"	0.076"
26412,"	2014-12-06","	0810",浙江卫视,"	0.087"
26413,"	2014-12-06","	0811",浙江卫视,"	0.085"
26414,"	2014-12-06","	0812",浙江卫视,"	0.087"
26415,"	2014-12-06","	0813",浙江卫视,"	0.086"
26416,"	2014-12-06","	0814",浙江卫视,"	0.091"
26417,"	2014-12-06","	0815",浙江卫视,"	0.097"
26418,"	2014-12-06","	0816",浙江卫视,"	0.098"
26419,"	2014-12-06","	0817",浙江卫视,"	0.097"
26420,"	2014-12-06","	0818",浙江卫视,"	0.088"
26421,"	2014-12-06","	0819",浙江卫视,"	0.076"
26422,"	2014-12-06","	0820",浙江卫视,"	0.092"
26423,"	2014-12-06","	0821",浙江卫视,"	0.102"
26424,"	2014-12-06","	0822",浙江卫视,"	0.106"
26425,"	2014-12-06","	0823",浙江卫视,"	0.093"
26426,"	2014-12-06","	0824",浙江卫视,"	0.089"
26427,"	2014-12-06","	0825",浙江卫视,"	0.082"
26428,"	2014-12-06","	0826",浙江卫视,"	0.066"
26429,"	2014-12-06","	0827",浙江卫视,"	0.055"
26430,"	2014-12-06","	0828",浙江卫视,"	0.049"
26431,"	2014-12-06","	0829",浙江卫视,"	0.056"
26432,"	2014-12-06","	0830",浙江卫视,"	0.060"
26433,"	2014-12-06","	0831",浙江卫视,"	0.055"
26434,"	2014-12-06","	0832",浙江卫视,"	0.050"
26435,"	2014-12-06","	0833",浙江卫视,"	0.049"
26436,"	2014-12-06","	0834",浙江卫视,"	0.044"
26437,"	2014-12-06","	0835",浙江卫视,"	0.042"
26438,"	2014-12-06","	0836",浙江卫视,"	0.037"
26439,"	2014-12-06","	0837",浙江卫视,"	0.035"
26440,"	2014-12-06","	0838",浙江卫视,"	0.024"
26441,"	2014-12-06","	0839",浙江卫视,"	0.026"
26442,"	2014-12-06","	0840",浙江卫视,"	0.025"
26443,"	2014-12-06","	0841",浙江卫视,"	0.000"
26444,"	2014-12-06","	0842",浙江卫视,"	0.023"
26445,"	2014-12-06","	0843",浙江卫视,"	0.020"
26446,"	2014-12-06","	0844",浙江卫视,"	0.022"
26447,"	2014-12-06","	0845",浙江卫视,"	0.024"
26448,"	2014-12-06","	0846",浙江卫视,"	0.026"
26449,"	2014-12-06","	0847",浙江卫视,"	0.024"
26450,"	2014-12-06","	0848",浙江卫视,"	0.026"
26451,"	2014-12-06","	0849",浙江卫视,"	0.030"
26452,"	2014-12-06","	0850",浙江卫视,"	0.028"
26453,"	2014-12-06","	0851",浙江卫视,"	0.000"
26454,"	2014-12-06","	0852",浙江卫视,"	0.020"
26455,"	2014-12-06","	0853",浙江卫视,"	0.020"
26456,"	2014-12-06","	0854",浙江卫视,"	0.022"
26457,"	2014-12-06","	0855",浙江卫视,"	0.000"
26458,"	2014-12-06","	0856",浙江卫视,"	0.023"
26459,"	2014-12-06","	0857",浙江卫视,"	0.025"
26460,"	2014-12-06","	0858",浙江卫视,"	0.017"
26461,"	2014-12-06","	0859",浙江卫视,"	0.016"
26462,"	2014-12-06","	0900",浙江卫视,"	0.000"
26463,"	2014-12-06","	0901",浙江卫视,"	0.013"
26464,"	2014-12-06","	0902",浙江卫视,"	0.013"
26465,"	2014-12-06","	0903",浙江卫视,"	0.011"
26466,"	2014-12-06","	0904",浙江卫视,"	0.020"
26467,"	2014-12-06","	0905",浙江卫视,"	0.020"
26468,"	2014-12-06","	0906",浙江卫视,"	0.015"
26469,"	2014-12-06","	0907",浙江卫视,"	0.015"
26470,"	2014-12-06","	0908",浙江卫视,"	0.014"
26471,"	2014-12-06","	0909",浙江卫视,"	0.000"
26472,"	2014-12-06","	0910",浙江卫视,"	0.015"
26473,"	2014-12-06","	0911",浙江卫视,"	0.018"
26474,"	2014-12-06","	0912",浙江卫视,"	0.020"
26475,"	2014-12-06","	0913",浙江卫视,"	0.021"
26476,"	2014-12-06","	0914",浙江卫视,"	0.026"
26477,"	2014-12-06","	0915",浙江卫视,"	0.021"
26478,"	2014-12-06","	0916",浙江卫视,"	0.024"
26479,"	2014-12-06","	0917",浙江卫视,"	0.025"
26480,"	2014-12-06","	0918",浙江卫视,"	0.018"
26481,"	2014-12-06","	0919",浙江卫视,"	0.000"
26482,"	2014-12-06","	0920",浙江卫视,"	0.024"
26483,"	2014-12-06","	0921",浙江卫视,"	0.025"
26484,"	2014-12-06","	0922",浙江卫视,"	0.030"
26485,"	2014-12-06","	0923",浙江卫视,"	0.022"
26486,"	2014-12-06","	0924",浙江卫视,"	0.026"
26487,"	2014-12-06","	0925",浙江卫视,"	0.024"
26488,"	2014-12-06","	0926",浙江卫视,"	0.025"
26489,"	2014-12-06","	0927",浙江卫视,"	0.026"
26490,"	2014-12-06","	0928",浙江卫视,"	0.027"
26491,"	2014-12-06","	0929",浙江卫视,"	0.024"
26492,"	2014-12-06","	0930",浙江卫视,"	0.024"
26493,"	2014-12-06","	0931",浙江卫视,"	0.028"
26494,"	2014-12-06","	0932",浙江卫视,"	0.035"
26495,"	2014-12-06","	0933",浙江卫视,"	0.029"
26496,"	2014-12-06","	0934",浙江卫视,"	0.029"
26497,"	2014-12-06","	0935",浙江卫视,"	0.027"
26498,"	2014-12-06","	0936",浙江卫视,"	0.030"
26499,"	2014-12-06","	0937",浙江卫视,"	0.035"
26500,"	2014-12-06","	0938",浙江卫视,"	0.039"
26501,"	2014-12-06","	0939",浙江卫视,"	0.042"
26502,"	2014-12-06","	0940",浙江卫视,"	0.046"
26503,"	2014-12-06","	0941",浙江卫视,"	0.053"
26504,"	2014-12-06","	0942",浙江卫视,"	0.050"
26505,"	2014-12-06","	0943",浙江卫视,"	0.051"
26506,"	2014-12-06","	0944",浙江卫视,"	0.058"
26507,"	2014-12-06","	0945",浙江卫视,"	0.063"
26508,"	2014-12-06","	0946",浙江卫视,"	0.075"
26509,"	2014-12-06","	0947",浙江卫视,"	0.085"
26510,"	2014-12-06","	0948",浙江卫视,"	0.077"
26511,"	2014-12-06","	0949",浙江卫视,"	0.085"
26512,"	2014-12-06","	0950",浙江卫视,"	0.079"
26513,"	2014-12-06","	0951",浙江卫视,"	0.077"
26514,"	2014-12-06","	0952",浙江卫视,"	0.081"
26515,"	2014-12-06","	0953",浙江卫视,"	0.085"
26516,"	2014-12-06","	0954",浙江卫视,"	0.091"
26517,"	2014-12-06","	0955",浙江卫视,"	0.089"
26518,"	2014-12-06","	0956",浙江卫视,"	0.106"
26519,"	2014-12-06","	0957",浙江卫视,"	0.120"
26520,"	2014-12-06","	0958",浙江卫视,"	0.133"
26521,"	2014-12-06","	0959",浙江卫视,"	0.151"
26522,"	2014-12-06","	1000",浙江卫视,"	0.151"
26523,"	2014-12-06","	1001",浙江卫视,"	0.145"
26524,"	2014-12-06","	1002",浙江卫视,"	0.139"
26525,"	2014-12-06","	1003",浙江卫视,"	0.132"
26526,"	2014-12-06","	1004",浙江卫视,"	0.136"
26527,"	2014-12-06","	1005",浙江卫视,"	0.143"
26528,"	2014-12-06","	1006",浙江卫视,"	0.146"
26529,"	2014-12-06","	1007",浙江卫视,"	0.153"
26530,"	2014-12-06","	1008",浙江卫视,"	0.166"
26531,"	2014-12-06","	1009",浙江卫视,"	0.182"
26532,"	2014-12-06","	1010",浙江卫视,"	0.199"
26533,"	2014-12-06","	1011",浙江卫视,"	0.196"
26534,"	2014-12-06","	1012",浙江卫视,"	0.203"
26535,"	2014-12-06","	1013",浙江卫视,"	0.219"
26536,"	2014-12-06","	1014",浙江卫视,"	0.237"
26537,"	2014-12-06","	1015",浙江卫视,"	0.207"
26538,"	2014-12-06","	1016",浙江卫视,"	0.210"
26539,"	2014-12-06","	1017",浙江卫视,"	0.211"
26540,"	2014-12-06","	1018",浙江卫视,"	0.207"
26541,"	2014-12-06","	1019",浙江卫视,"	0.219"
26542,"	2014-12-06","	1020",浙江卫视,"	0.214"
26543,"	2014-12-06","	1021",浙江卫视,"	0.242"
26544,"	2014-12-06","	1022",浙江卫视,"	0.248"
26545,"	2014-12-06","	1023",浙江卫视,"	0.242"
26546,"	2014-12-06","	1024",浙江卫视,"	0.264"
26547,"	2014-12-06","	1025",浙江卫视,"	0.259"
26548,"	2014-12-06","	1026",浙江卫视,"	0.257"
26549,"	2014-12-06","	1027",浙江卫视,"	0.274"
26550,"	2014-12-06","	1028",浙江卫视,"	0.288"
26551,"	2014-12-06","	1029",浙江卫视,"	0.282"
26552,"	2014-12-06","	1030",浙江卫视,"	0.221"
26553,"	2014-12-06","	1031",浙江卫视,"	0.205"
26554,"	2014-12-06","	1032",浙江卫视,"	0.228"
26555,"	2014-12-06","	1033",浙江卫视,"	0.277"
26556,"	2014-12-06","	1034",浙江卫视,"	0.307"
26557,"	2014-12-06","	1035",浙江卫视,"	0.302"
26558,"	2014-12-06","	1036",浙江卫视,"	0.320"
26559,"	2014-12-06","	1037",浙江卫视,"	0.350"
26560,"	2014-12-06","	1038",浙江卫视,"	0.359"
26561,"	2014-12-06","	1039",浙江卫视,"	0.382"
26562,"	2014-12-06","	1040",浙江卫视,"	0.386"
26563,"	2014-12-06","	1041",浙江卫视,"	0.390"
26564,"	2014-12-06","	1042",浙江卫视,"	0.383"
26565,"	2014-12-06","	1043",浙江卫视,"	0.396"
26566,"	2014-12-06","	1044",浙江卫视,"	0.406"
26567,"	2014-12-06","	1045",浙江卫视,"	0.401"
26568,"	2014-12-06","	1046",浙江卫视,"	0.410"
26569,"	2014-12-06","	1047",浙江卫视,"	0.402"
26570,"	2014-12-06","	1048",浙江卫视,"	0.417"
26571,"	2014-12-06","	1049",浙江卫视,"	0.314"
26572,"	2014-12-06","	1050",浙江卫视,"	0.308"
26573,"	2014-12-06","	1051",浙江卫视,"	0.286"
26574,"	2014-12-06","	1052",浙江卫视,"	0.294"
26575,"	2014-12-06","	1053",浙江卫视,"	0.327"
26576,"	2014-12-06","	1054",浙江卫视,"	0.331"
26577,"	2014-12-06","	1055",浙江卫视,"	0.333"
26578,"	2014-12-06","	1056",浙江卫视,"	0.339"
26579,"	2014-12-06","	1057",浙江卫视,"	0.339"
26580,"	2014-12-06","	1058",浙江卫视,"	0.331"
26581,"	2014-12-06","	1059",浙江卫视,"	0.332"
26582,"	2014-12-06","	1100",浙江卫视,"	0.315"
26583,"	2014-12-06","	1101",浙江卫视,"	0.308"
26584,"	2014-12-06","	1102",浙江卫视,"	0.335"
26585,"	2014-12-06","	1103",浙江卫视,"	0.332"
26586,"	2014-12-06","	1104",浙江卫视,"	0.338"
26587,"	2014-12-06","	1105",浙江卫视,"	0.351"
26588,"	2014-12-06","	1106",浙江卫视,"	0.360"
26589,"	2014-12-06","	1107",浙江卫视,"	0.386"
26590,"	2014-12-06","	1108",浙江卫视,"	0.411"
26591,"	2014-12-06","	1109",浙江卫视,"	0.431"
26592,"	2014-12-06","	1110",浙江卫视,"	0.419"
26593,"	2014-12-06","	1111",浙江卫视,"	0.426"
26594,"	2014-12-06","	1112",浙江卫视,"	0.453"
26595,"	2014-12-06","	1113",浙江卫视,"	0.441"
26596,"	2014-12-06","	1114",浙江卫视,"	0.454"
26597,"	2014-12-06","	1115",浙江卫视,"	0.450"
26598,"	2014-12-06","	1116",浙江卫视,"	0.448"
26599,"	2014-12-06","	1117",浙江卫视,"	0.465"
26600,"	2014-12-06","	1118",浙江卫视,"	0.510"
26601,"	2014-12-06","	1119",浙江卫视,"	0.514"
26602,"	2014-12-06","	1120",浙江卫视,"	0.474"
26603,"	2014-12-06","	1121",浙江卫视,"	0.431"
26604,"	2014-12-06","	1122",浙江卫视,"	0.429"
26605,"	2014-12-06","	1123",浙江卫视,"	0.422"
26606,"	2014-12-06","	1124",浙江卫视,"	0.447"
26607,"	2014-12-06","	1125",浙江卫视,"	0.457"
26608,"	2014-12-06","	1126",浙江卫视,"	0.480"
26609,"	2014-12-06","	1127",浙江卫视,"	0.506"
26610,"	2014-12-06","	1128",浙江卫视,"	0.558"
26611,"	2014-12-06","	1129",浙江卫视,"	0.584"
26612,"	2014-12-06","	1130",浙江卫视,"	0.508"
26613,"	2014-12-06","	1131",浙江卫视,"	0.492"
26614,"	2014-12-06","	1132",浙江卫视,"	0.484"
26615,"	2014-12-06","	1133",浙江卫视,"	0.523"
26616,"	2014-12-06","	1134",浙江卫视,"	0.523"
26617,"	2014-12-06","	1135",浙江卫视,"	0.507"
26618,"	2014-12-06","	1136",浙江卫视,"	0.439"
26619,"	2014-12-06","	1137",浙江卫视,"	0.410"
26620,"	2014-12-06","	1138",浙江卫视,"	0.463"
26621,"	2014-12-06","	1139",浙江卫视,"	0.473"
26622,"	2014-12-06","	1140",浙江卫视,"	0.460"
26623,"	2014-12-06","	1141",浙江卫视,"	0.460"
26624,"	2014-12-06","	1142",浙江卫视,"	0.455"
26625,"	2014-12-06","	1143",浙江卫视,"	0.470"
26626,"	2014-12-06","	1144",浙江卫视,"	0.481"
26627,"	2014-12-06","	1145",浙江卫视,"	0.476"
26628,"	2014-12-06","	1146",浙江卫视,"	0.459"
26629,"	2014-12-06","	1147",浙江卫视,"	0.448"
26630,"	2014-12-06","	1148",浙江卫视,"	0.466"
26631,"	2014-12-06","	1149",浙江卫视,"	0.460"
26632,"	2014-12-06","	1150",浙江卫视,"	0.376"
26633,"	2014-12-06","	1151",浙江卫视,"	0.332"
26634,"	2014-12-06","	1152",浙江卫视,"	0.326"
26635,"	2014-12-06","	1153",浙江卫视,"	0.308"
26636,"	2014-12-06","	1154",浙江卫视,"	0.302"
26637,"	2014-12-06","	1155",浙江卫视,"	0.294"
26638,"	2014-12-06","	1156",浙江卫视,"	0.279"
26639,"	2014-12-06","	1157",浙江卫视,"	0.264"
26640,"	2014-12-06","	1158",浙江卫视,"	0.279"
26641,"	2014-12-06","	1159",浙江卫视,"	0.277"
26642,"	2014-12-06","	1200",浙江卫视,"	0.271"
26643,"	2014-12-06","	1201",浙江卫视,"	0.241"
26644,"	2014-12-06","	1202",浙江卫视,"	0.269"
26645,"	2014-12-06","	1203",浙江卫视,"	0.280"
26646,"	2014-12-06","	1204",浙江卫视,"	0.287"
26647,"	2014-12-06","	1205",浙江卫视,"	0.285"
26648,"	2014-12-06","	1206",浙江卫视,"	0.309"
26649,"	2014-12-06","	1207",浙江卫视,"	0.328"
26650,"	2014-12-06","	1208",浙江卫视,"	0.289"
26651,"	2014-12-06","	1209",浙江卫视,"	0.282"
26652,"	2014-12-06","	1210",浙江卫视,"	0.282"
26653,"	2014-12-06","	1211",浙江卫视,"	0.277"
26654,"	2014-12-06","	1212",浙江卫视,"	0.299"
26655,"	2014-12-06","	1213",浙江卫视,"	0.329"
26656,"	2014-12-06","	1214",浙江卫视,"	0.338"
26657,"	2014-12-06","	1215",浙江卫视,"	0.348"
26658,"	2014-12-06","	1216",浙江卫视,"	0.349"
26659,"	2014-12-06","	1217",浙江卫视,"	0.360"
26660,"	2014-12-06","	1218",浙江卫视,"	0.361"
26661,"	2014-12-06","	1219",浙江卫视,"	0.366"
26662,"	2014-12-06","	1220",浙江卫视,"	0.397"
26663,"	2014-12-06","	1221",浙江卫视,"	0.422"
26664,"	2014-12-06","	1222",浙江卫视,"	0.443"
26665,"	2014-12-06","	1223",浙江卫视,"	0.466"
26666,"	2014-12-06","	1224",浙江卫视,"	0.463"
26667,"	2014-12-06","	1225",浙江卫视,"	0.459"
26668,"	2014-12-06","	1226",浙江卫视,"	0.459"
26669,"	2014-12-06","	1227",浙江卫视,"	0.419"
26670,"	2014-12-06","	1228",浙江卫视,"	0.453"
26671,"	2014-12-06","	1229",浙江卫视,"	0.456"
26672,"	2014-12-06","	1230",浙江卫视,"	0.443"
26673,"	2014-12-06","	1231",浙江卫视,"	0.453"
26674,"	2014-12-06","	1232",浙江卫视,"	0.459"
26675,"	2014-12-06","	1233",浙江卫视,"	0.464"
26676,"	2014-12-06","	1234",浙江卫视,"	0.459"
26677,"	2014-12-06","	1235",浙江卫视,"	0.474"
26678,"	2014-12-06","	1236",浙江卫视,"	0.460"
26679,"	2014-12-06","	1237",浙江卫视,"	0.450"
26680,"	2014-12-06","	1238",浙江卫视,"	0.455"
26681,"	2014-12-06","	1239",浙江卫视,"	0.464"
26682,"	2014-12-06","	1240",浙江卫视,"	0.441"
26683,"	2014-12-06","	1241",浙江卫视,"	0.424"
26684,"	2014-12-06","	1242",浙江卫视,"	0.436"
26685,"	2014-12-06","	1243",浙江卫视,"	0.461"
26686,"	2014-12-06","	1244",浙江卫视,"	0.480"
26687,"	2014-12-06","	1245",浙江卫视,"	0.476"
26688,"	2014-12-06","	1246",浙江卫视,"	0.462"
26689,"	2014-12-06","	1247",浙江卫视,"	0.469"
26690,"	2014-12-06","	1248",浙江卫视,"	0.456"
26691,"	2014-12-06","	1249",浙江卫视,"	0.441"
26692,"	2014-12-06","	1250",浙江卫视,"	0.414"
26693,"	2014-12-06","	1251",浙江卫视,"	0.387"
26694,"	2014-12-06","	1252",浙江卫视,"	0.382"
26695,"	2014-12-06","	1253",浙江卫视,"	0.379"
26696,"	2014-12-06","	1254",浙江卫视,"	0.364"
26697,"	2014-12-06","	1255",浙江卫视,"	0.301"
26698,"	2014-12-06","	1256",浙江卫视,"	0.303"
26699,"	2014-12-06","	1257",浙江卫视,"	0.323"
26700,"	2014-12-06","	1258",浙江卫视,"	0.364"
26701,"	2014-12-06","	1259",浙江卫视,"	0.427"
26702,"	2014-12-06","	1300",浙江卫视,"	0.446"
26703,"	2014-12-06","	1301",浙江卫视,"	0.464"
26704,"	2014-12-06","	1302",浙江卫视,"	0.460"
26705,"	2014-12-06","	1303",浙江卫视,"	0.436"
26706,"	2014-12-06","	1304",浙江卫视,"	0.452"
26707,"	2014-12-06","	1305",浙江卫视,"	0.451"
26708,"	2014-12-06","	1306",浙江卫视,"	0.417"
26709,"	2014-12-06","	1307",浙江卫视,"	0.415"
26710,"	2014-12-06","	1308",浙江卫视,"	0.375"
26711,"	2014-12-06","	1309",浙江卫视,"	0.367"
26712,"	2014-12-06","	1310",浙江卫视,"	0.348"
26713,"	2014-12-06","	1311",浙江卫视,"	0.294"
26714,"	2014-12-06","	1312",浙江卫视,"	0.257"
26715,"	2014-12-06","	1313",浙江卫视,"	0.281"
26716,"	2014-12-06","	1314",浙江卫视,"	0.312"
26717,"	2014-12-06","	1315",浙江卫视,"	0.323"
26718,"	2014-12-06","	1316",浙江卫视,"	0.341"
26719,"	2014-12-06","	1317",浙江卫视,"	0.372"
26720,"	2014-12-06","	1318",浙江卫视,"	0.338"
26721,"	2014-12-06","	1319",浙江卫视,"	0.380"
26722,"	2014-12-06","	1320",浙江卫视,"	0.379"
26723,"	2014-12-06","	1321",浙江卫视,"	0.412"
26724,"	2014-12-06","	1322",浙江卫视,"	0.438"
26725,"	2014-12-06","	1323",浙江卫视,"	0.443"
26726,"	2014-12-06","	1324",浙江卫视,"	0.431"
26727,"	2014-12-06","	1325",浙江卫视,"	0.413"
26728,"	2014-12-06","	1326",浙江卫视,"	0.385"
26729,"	2014-12-06","	1327",浙江卫视,"	0.397"
26730,"	2014-12-06","	1328",浙江卫视,"	0.384"
26731,"	2014-12-06","	1329",浙江卫视,"	0.413"
26732,"	2014-12-06","	1330",浙江卫视,"	0.438"
26733,"	2014-12-06","	1331",浙江卫视,"	0.444"
26734,"	2014-12-06","	1332",浙江卫视,"	0.453"
26735,"	2014-12-06","	1333",浙江卫视,"	0.443"
26736,"	2014-12-06","	1334",浙江卫视,"	0.339"
26737,"	2014-12-06","	1335",浙江卫视,"	0.304"
26738,"	2014-12-06","	1336",浙江卫视,"	0.249"
26739,"	2014-12-06","	1337",浙江卫视,"	0.257"
26740,"	2014-12-06","	1338",浙江卫视,"	0.298"
26741,"	2014-12-06","	1339",浙江卫视,"	0.330"
26742,"	2014-12-06","	1340",浙江卫视,"	0.357"
26743,"	2014-12-06","	1341",浙江卫视,"	0.403"
26744,"	2014-12-06","	1342",浙江卫视,"	0.467"
26745,"	2014-12-06","	1343",浙江卫视,"	0.508"
26746,"	2014-12-06","	1344",浙江卫视,"	0.517"
26747,"	2014-12-06","	1345",浙江卫视,"	0.473"
26748,"	2014-12-06","	1346",浙江卫视,"	0.406"
26749,"	2014-12-06","	1347",浙江卫视,"	0.387"
26750,"	2014-12-06","	1348",浙江卫视,"	0.407"
26751,"	2014-12-06","	1349",浙江卫视,"	0.465"
26752,"	2014-12-06","	1350",浙江卫视,"	0.467"
26753,"	2014-12-06","	1351",浙江卫视,"	0.411"
26754,"	2014-12-06","	1352",浙江卫视,"	0.391"
26755,"	2014-12-06","	1353",浙江卫视,"	0.386"
26756,"	2014-12-06","	1354",浙江卫视,"	0.402"
26757,"	2014-12-06","	1355",浙江卫视,"	0.385"
26758,"	2014-12-06","	1356",浙江卫视,"	0.371"
26759,"	2014-12-06","	1357",浙江卫视,"	0.361"
26760,"	2014-12-06","	1358",浙江卫视,"	0.364"
26761,"	2014-12-06","	1359",浙江卫视,"	0.367"
26762,"	2014-12-06","	1400",浙江卫视,"	0.359"
26763,"	2014-12-06","	1401",浙江卫视,"	0.356"
26764,"	2014-12-06","	1402",浙江卫视,"	0.344"
26765,"	2014-12-06","	1403",浙江卫视,"	0.348"
26766,"	2014-12-06","	1404",浙江卫视,"	0.365"
26767,"	2014-12-06","	1405",浙江卫视,"	0.343"
26768,"	2014-12-06","	1406",浙江卫视,"	0.340"
26769,"	2014-12-06","	1407",浙江卫视,"	0.347"
26770,"	2014-12-06","	1408",浙江卫视,"	0.354"
26771,"	2014-12-06","	1409",浙江卫视,"	0.379"
26772,"	2014-12-06","	1410",浙江卫视,"	0.380"
26773,"	2014-12-06","	1411",浙江卫视,"	0.392"
26774,"	2014-12-06","	1412",浙江卫视,"	0.382"
26775,"	2014-12-06","	1413",浙江卫视,"	0.344"
26776,"	2014-12-06","	1414",浙江卫视,"	0.347"
26777,"	2014-12-06","	1415",浙江卫视,"	0.318"
26778,"	2014-12-06","	1416",浙江卫视,"	0.306"
26779,"	2014-12-06","	1417",浙江卫视,"	0.307"
26780,"	2014-12-06","	1418",浙江卫视,"	0.314"
26781,"	2014-12-06","	1419",浙江卫视,"	0.335"
26782,"	2014-12-06","	1420",浙江卫视,"	0.354"
26783,"	2014-12-06","	1421",浙江卫视,"	0.382"
26784,"	2014-12-06","	1422",浙江卫视,"	0.396"
26785,"	2014-12-06","	1423",浙江卫视,"	0.405"
26786,"	2014-12-06","	1424",浙江卫视,"	0.401"
26787,"	2014-12-06","	1425",浙江卫视,"	0.358"
26788,"	2014-12-06","	1426",浙江卫视,"	0.344"
26789,"	2014-12-06","	1427",浙江卫视,"	0.330"
26790,"	2014-12-06","	1428",浙江卫视,"	0.324"
26791,"	2014-12-06","	1429",浙江卫视,"	0.354"
26792,"	2014-12-06","	1430",浙江卫视,"	0.379"
26793,"	2014-12-06","	1431",浙江卫视,"	0.401"
26794,"	2014-12-06","	1432",浙江卫视,"	0.419"
26795,"	2014-12-06","	1433",浙江卫视,"	0.447"
26796,"	2014-12-06","	1434",浙江卫视,"	0.485"
26797,"	2014-12-06","	1435",浙江卫视,"	0.483"
26798,"	2014-12-06","	1436",浙江卫视,"	0.482"
26799,"	2014-12-06","	1437",浙江卫视,"	0.481"
26800,"	2014-12-06","	1438",浙江卫视,"	0.460"
26801,"	2014-12-06","	1439",浙江卫视,"	0.434"
26802,"	2014-12-06","	1440",浙江卫视,"	0.333"
26803,"	2014-12-06","	1441",浙江卫视,"	0.291"
26804,"	2014-12-06","	1442",浙江卫视,"	0.300"
26805,"	2014-12-06","	1443",浙江卫视,"	0.330"
26806,"	2014-12-06","	1444",浙江卫视,"	0.340"
26807,"	2014-12-06","	1445",浙江卫视,"	0.357"
26808,"	2014-12-06","	1446",浙江卫视,"	0.386"
26809,"	2014-12-06","	1447",浙江卫视,"	0.391"
26810,"	2014-12-06","	1448",浙江卫视,"	0.376"
26811,"	2014-12-06","	1449",浙江卫视,"	0.359"
26812,"	2014-12-06","	1450",浙江卫视,"	0.314"
26813,"	2014-12-06","	1451",浙江卫视,"	0.290"
26814,"	2014-12-06","	1452",浙江卫视,"	0.296"
26815,"	2014-12-06","	1453",浙江卫视,"	0.292"
26816,"	2014-12-06","	1454",浙江卫视,"	0.319"
26817,"	2014-12-06","	1455",浙江卫视,"	0.332"
26818,"	2014-12-06","	1456",浙江卫视,"	0.361"
26819,"	2014-12-06","	1457",浙江卫视,"	0.393"
26820,"	2014-12-06","	1458",浙江卫视,"	0.410"
26821,"	2014-12-06","	1459",浙江卫视,"	0.395"
26822,"	2014-12-06","	1500",浙江卫视,"	0.368"
26823,"	2014-12-06","	1501",浙江卫视,"	0.372"
26824,"	2014-12-06","	1502",浙江卫视,"	0.365"
26825,"	2014-12-06","	1503",浙江卫视,"	0.341"
26826,"	2014-12-06","	1504",浙江卫视,"	0.335"
26827,"	2014-12-06","	1505",浙江卫视,"	0.301"
26828,"	2014-12-06","	1506",浙江卫视,"	0.295"
26829,"	2014-12-06","	1507",浙江卫视,"	0.300"
26830,"	2014-12-06","	1508",浙江卫视,"	0.316"
26831,"	2014-12-06","	1509",浙江卫视,"	0.325"
26832,"	2014-12-06","	1510",浙江卫视,"	0.319"
26833,"	2014-12-06","	1511",浙江卫视,"	0.340"
26834,"	2014-12-06","	1512",浙江卫视,"	0.328"
26835,"	2014-12-06","	1513",浙江卫视,"	0.354"
26836,"	2014-12-06","	1514",浙江卫视,"	0.375"
26837,"	2014-12-06","	1515",浙江卫视,"	0.375"
26838,"	2014-12-06","	1516",浙江卫视,"	0.409"
26839,"	2014-12-06","	1517",浙江卫视,"	0.403"
26840,"	2014-12-06","	1518",浙江卫视,"	0.403"
26841,"	2014-12-06","	1519",浙江卫视,"	0.399"
26842,"	2014-12-06","	1520",浙江卫视,"	0.353"
26843,"	2014-12-06","	1521",浙江卫视,"	0.355"
26844,"	2014-12-06","	1522",浙江卫视,"	0.340"
26845,"	2014-12-06","	1523",浙江卫视,"	0.327"
26846,"	2014-12-06","	1524",浙江卫视,"	0.340"
26847,"	2014-12-06","	1525",浙江卫视,"	0.345"
26848,"	2014-12-06","	1526",浙江卫视,"	0.396"
26849,"	2014-12-06","	1527",浙江卫视,"	0.398"
26850,"	2014-12-06","	1528",浙江卫视,"	0.402"
26851,"	2014-12-06","	1529",浙江卫视,"	0.408"
26852,"	2014-12-06","	1530",浙江卫视,"	0.371"
26853,"	2014-12-06","	1531",浙江卫视,"	0.345"
26854,"	2014-12-06","	1532",浙江卫视,"	0.327"
26855,"	2014-12-06","	1533",浙江卫视,"	0.329"
26856,"	2014-12-06","	1534",浙江卫视,"	0.353"
26857,"	2014-12-06","	1535",浙江卫视,"	0.360"
26858,"	2014-12-06","	1536",浙江卫视,"	0.382"
26859,"	2014-12-06","	1537",浙江卫视,"	0.378"
26860,"	2014-12-06","	1538",浙江卫视,"	0.377"
26861,"	2014-12-06","	1539",浙江卫视,"	0.353"
26862,"	2014-12-06","	1540",浙江卫视,"	0.321"
26863,"	2014-12-06","	1541",浙江卫视,"	0.301"
26864,"	2014-12-06","	1542",浙江卫视,"	0.264"
26865,"	2014-12-06","	1543",浙江卫视,"	0.266"
26866,"	2014-12-06","	1544",浙江卫视,"	0.275"
26867,"	2014-12-06","	1545",浙江卫视,"	0.290"
26868,"	2014-12-06","	1546",浙江卫视,"	0.282"
26869,"	2014-12-06","	1547",浙江卫视,"	0.281"
26870,"	2014-12-06","	1548",浙江卫视,"	0.300"
26871,"	2014-12-06","	1549",浙江卫视,"	0.302"
26872,"	2014-12-06","	1550",浙江卫视,"	0.277"
26873,"	2014-12-06","	1551",浙江卫视,"	0.292"
26874,"	2014-12-06","	1552",浙江卫视,"	0.280"
26875,"	2014-12-06","	1553",浙江卫视,"	0.281"
26876,"	2014-12-06","	1554",浙江卫视,"	0.285"
26877,"	2014-12-06","	1555",浙江卫视,"	0.271"
26878,"	2014-12-06","	1556",浙江卫视,"	0.263"
26879,"	2014-12-06","	1557",浙江卫视,"	0.267"
26880,"	2014-12-06","	1558",浙江卫视,"	0.269"
26881,"	2014-12-06","	1559",浙江卫视,"	0.285"
26882,"	2014-12-06","	1600",浙江卫视,"	0.305"
26883,"	2014-12-06","	1601",浙江卫视,"	0.328"
26884,"	2014-12-06","	1602",浙江卫视,"	0.347"
26885,"	2014-12-06","	1603",浙江卫视,"	0.363"
26886,"	2014-12-06","	1604",浙江卫视,"	0.451"
26887,"	2014-12-06","	1605",浙江卫视,"	0.481"
26888,"	2014-12-06","	1606",浙江卫视,"	0.508"
26889,"	2014-12-06","	1607",浙江卫视,"	0.513"
26890,"	2014-12-06","	1608",浙江卫视,"	0.516"
26891,"	2014-12-06","	1609",浙江卫视,"	0.538"
26892,"	2014-12-06","	1610",浙江卫视,"	0.495"
26893,"	2014-12-06","	1611",浙江卫视,"	0.446"
26894,"	2014-12-06","	1612",浙江卫视,"	0.465"
26895,"	2014-12-06","	1613",浙江卫视,"	0.473"
26896,"	2014-12-06","	1614",浙江卫视,"	0.486"
26897,"	2014-12-06","	1615",浙江卫视,"	0.477"
26898,"	2014-12-06","	1616",浙江卫视,"	0.484"
26899,"	2014-12-06","	1617",浙江卫视,"	0.494"
26900,"	2014-12-06","	1618",浙江卫视,"	0.495"
26901,"	2014-12-06","	1619",浙江卫视,"	0.514"
26902,"	2014-12-06","	1620",浙江卫视,"	0.499"
26903,"	2014-12-06","	1621",浙江卫视,"	0.497"
26904,"	2014-12-06","	1622",浙江卫视,"	0.476"
26905,"	2014-12-06","	1623",浙江卫视,"	0.459"
26906,"	2014-12-06","	1624",浙江卫视,"	0.441"
26907,"	2014-12-06","	1625",浙江卫视,"	0.412"
26908,"	2014-12-06","	1626",浙江卫视,"	0.409"
26909,"	2014-12-06","	1627",浙江卫视,"	0.400"
26910,"	2014-12-06","	1628",浙江卫视,"	0.423"
26911,"	2014-12-06","	1629",浙江卫视,"	0.461"
26912,"	2014-12-06","	1630",浙江卫视,"	0.489"
26913,"	2014-12-06","	1631",浙江卫视,"	0.525"
26914,"	2014-12-06","	1632",浙江卫视,"	0.530"
26915,"	2014-12-06","	1633",浙江卫视,"	0.532"
26916,"	2014-12-06","	1634",浙江卫视,"	0.526"
26917,"	2014-12-06","	1635",浙江卫视,"	0.479"
26918,"	2014-12-06","	1636",浙江卫视,"	0.418"
26919,"	2014-12-06","	1637",浙江卫视,"	0.370"
26920,"	2014-12-06","	1638",浙江卫视,"	0.350"
26921,"	2014-12-06","	1639",浙江卫视,"	0.361"
26922,"	2014-12-06","	1640",浙江卫视,"	0.380"
26923,"	2014-12-06","	1641",浙江卫视,"	0.409"
26924,"	2014-12-06","	1642",浙江卫视,"	0.427"
26925,"	2014-12-06","	1643",浙江卫视,"	0.443"
26926,"	2014-12-06","	1644",浙江卫视,"	0.458"
26927,"	2014-12-06","	1645",浙江卫视,"	0.439"
26928,"	2014-12-06","	1646",浙江卫视,"	0.456"
26929,"	2014-12-06","	1647",浙江卫视,"	0.444"
26930,"	2014-12-06","	1648",浙江卫视,"	0.436"
26931,"	2014-12-06","	1649",浙江卫视,"	0.454"
26932,"	2014-12-06","	1650",浙江卫视,"	0.431"
26933,"	2014-12-06","	1651",浙江卫视,"	0.429"
26934,"	2014-12-06","	1652",浙江卫视,"	0.430"
26935,"	2014-12-06","	1653",浙江卫视,"	0.416"
26936,"	2014-12-06","	1654",浙江卫视,"	0.389"
26937,"	2014-12-06","	1655",浙江卫视,"	0.396"
26938,"	2014-12-06","	1656",浙江卫视,"	0.424"
26939,"	2014-12-06","	1657",浙江卫视,"	0.445"
26940,"	2014-12-06","	1658",浙江卫视,"	0.484"
26941,"	2014-12-06","	1659",浙江卫视,"	0.526"
26942,"	2014-12-06","	1700",浙江卫视,"	0.557"
26943,"	2014-12-06","	1701",浙江卫视,"	0.605"
26944,"	2014-12-06","	1702",浙江卫视,"	0.621"
26945,"	2014-12-06","	1703",浙江卫视,"	0.660"
26946,"	2014-12-06","	1704",浙江卫视,"	0.662"
26947,"	2014-12-06","	1705",浙江卫视,"	0.642"
26948,"	2014-12-06","	1706",浙江卫视,"	0.664"
26949,"	2014-12-06","	1707",浙江卫视,"	0.674"
26950,"	2014-12-06","	1708",浙江卫视,"	0.683"
26951,"	2014-12-06","	1709",浙江卫视,"	0.675"
26952,"	2014-12-06","	1710",浙江卫视,"	0.673"
26953,"	2014-12-06","	1711",浙江卫视,"	0.696"
26954,"	2014-12-06","	1712",浙江卫视,"	0.688"
26955,"	2014-12-06","	1713",浙江卫视,"	0.686"
26956,"	2014-12-06","	1714",浙江卫视,"	0.686"
26957,"	2014-12-06","	1715",浙江卫视,"	0.682"
26958,"	2014-12-06","	1716",浙江卫视,"	0.691"
26959,"	2014-12-06","	1717",浙江卫视,"	0.693"
26960,"	2014-12-06","	1718",浙江卫视,"	0.728"
26961,"	2014-12-06","	1719",浙江卫视,"	0.738"
26962,"	2014-12-06","	1720",浙江卫视,"	0.738"
26963,"	2014-12-06","	1721",浙江卫视,"	0.751"
26964,"	2014-12-06","	1722",浙江卫视,"	0.726"
26965,"	2014-12-06","	1723",浙江卫视,"	0.611"
26966,"	2014-12-06","	1724",浙江卫视,"	0.554"
26967,"	2014-12-06","	1725",浙江卫视,"	0.532"
26968,"	2014-12-06","	1726",浙江卫视,"	0.553"
26969,"	2014-12-06","	1727",浙江卫视,"	0.553"
26970,"	2014-12-06","	1728",浙江卫视,"	0.578"
26971,"	2014-12-06","	1729",浙江卫视,"	0.622"
26972,"	2014-12-06","	1730",浙江卫视,"	0.654"
26973,"	2014-12-06","	1731",浙江卫视,"	0.632"
26974,"	2014-12-06","	1732",浙江卫视,"	0.645"
26975,"	2014-12-06","	1733",浙江卫视,"	0.651"
26976,"	2014-12-06","	1734",浙江卫视,"	0.654"
26977,"	2014-12-06","	1735",浙江卫视,"	0.568"
26978,"	2014-12-06","	1736",浙江卫视,"	0.416"
26979,"	2014-12-06","	1737",浙江卫视,"	0.367"
26980,"	2014-12-06","	1738",浙江卫视,"	0.336"
26981,"	2014-12-06","	1739",浙江卫视,"	0.295"
26982,"	2014-12-06","	1740",浙江卫视,"	0.265"
26983,"	2014-12-06","	1741",浙江卫视,"	0.265"
26984,"	2014-12-06","	1742",浙江卫视,"	0.241"
26985,"	2014-12-06","	1743",浙江卫视,"	0.248"
26986,"	2014-12-06","	1744",浙江卫视,"	0.252"
26987,"	2014-12-06","	1745",浙江卫视,"	0.242"
26988,"	2014-12-06","	1746",浙江卫视,"	0.268"
26989,"	2014-12-06","	1747",浙江卫视,"	0.294"
26990,"	2014-12-06","	1748",浙江卫视,"	0.317"
26991,"	2014-12-06","	1749",浙江卫视,"	0.352"
26992,"	2014-12-06","	1750",浙江卫视,"	0.372"
26993,"	2014-12-06","	1751",浙江卫视,"	0.389"
26994,"	2014-12-06","	1752",浙江卫视,"	0.356"
26995,"	2014-12-06","	1753",浙江卫视,"	0.341"
26996,"	2014-12-06","	1754",浙江卫视,"	0.374"
26997,"	2014-12-06","	1755",浙江卫视,"	0.370"
26998,"	2014-12-06","	1756",浙江卫视,"	0.330"
26999,"	2014-12-06","	1757",浙江卫视,"	0.263"
27000,"	2014-12-06","	1758",浙江卫视,"	0.244"
27001,"	2014-12-06","	1759",浙江卫视,"	0.237"
27002,"	2014-12-06","	1800",浙江卫视,"	0.207"
27003,"	2014-12-06","	1801",浙江卫视,"	0.225"
27004,"	2014-12-06","	1802",浙江卫视,"	0.224"
27005,"	2014-12-06","	1803",浙江卫视,"	0.236"
27006,"	2014-12-06","	1804",浙江卫视,"	0.251"
27007,"	2014-12-06","	1805",浙江卫视,"	0.250"
27008,"	2014-12-06","	1806",浙江卫视,"	0.259"
27009,"	2014-12-06","	1807",浙江卫视,"	0.279"
27010,"	2014-12-06","	1808",浙江卫视,"	0.275"
27011,"	2014-12-06","	1809",浙江卫视,"	0.282"
27012,"	2014-12-06","	1810",浙江卫视,"	0.280"
27013,"	2014-12-06","	1811",浙江卫视,"	0.257"
27014,"	2014-12-06","	1812",浙江卫视,"	0.258"
27015,"	2014-12-06","	1813",浙江卫视,"	0.270"
27016,"	2014-12-06","	1814",浙江卫视,"	0.292"
27017,"	2014-12-06","	1815",浙江卫视,"	0.286"
27018,"	2014-12-06","	1816",浙江卫视,"	0.269"
27019,"	2014-12-06","	1817",浙江卫视,"	0.263"
27020,"	2014-12-06","	1818",浙江卫视,"	0.262"
27021,"	2014-12-06","	1819",浙江卫视,"	0.273"
27022,"	2014-12-06","	1820",浙江卫视,"	0.266"
27023,"	2014-12-06","	1821",浙江卫视,"	0.251"
27024,"	2014-12-06","	1822",浙江卫视,"	0.246"
27025,"	2014-12-06","	1823",浙江卫视,"	0.228"
27026,"	2014-12-06","	1824",浙江卫视,"	0.216"
27027,"	2014-12-06","	1825",浙江卫视,"	0.192"
27028,"	2014-12-06","	1826",浙江卫视,"	0.180"
27029,"	2014-12-06","	1827",浙江卫视,"	0.184"
27030,"	2014-12-06","	1828",浙江卫视,"	0.189"
27031,"	2014-12-06","	1829",浙江卫视,"	0.187"
27032,"	2014-12-06","	1830",浙江卫视,"	0.179"
27033,"	2014-12-06","	1831",浙江卫视,"	0.174"
27034,"	2014-12-06","	1832",浙江卫视,"	0.177"
27035,"	2014-12-06","	1833",浙江卫视,"	0.182"
27036,"	2014-12-06","	1834",浙江卫视,"	0.181"
27037,"	2014-12-06","	1835",浙江卫视,"	0.164"
27038,"	2014-12-06","	1836",浙江卫视,"	0.153"
27039,"	2014-12-06","	1837",浙江卫视,"	0.154"
27040,"	2014-12-06","	1838",浙江卫视,"	0.155"
27041,"	2014-12-06","	1839",浙江卫视,"	0.150"
27042,"	2014-12-06","	1840",浙江卫视,"	0.137"
27043,"	2014-12-06","	1841",浙江卫视,"	0.141"
27044,"	2014-12-06","	1842",浙江卫视,"	0.137"
27045,"	2014-12-06","	1843",浙江卫视,"	0.136"
27046,"	2014-12-06","	1844",浙江卫视,"	0.132"
27047,"	2014-12-06","	1845",浙江卫视,"	0.132"
27048,"	2014-12-06","	1846",浙江卫视,"	0.123"
27049,"	2014-12-06","	1847",浙江卫视,"	0.123"
27050,"	2014-12-06","	1848",浙江卫视,"	0.112"
27051,"	2014-12-06","	1849",浙江卫视,"	0.109"
27052,"	2014-12-06","	1850",浙江卫视,"	0.107"
27053,"	2014-12-06","	1851",浙江卫视,"	0.095"
27054,"	2014-12-06","	1852",浙江卫视,"	0.086"
27055,"	2014-12-06","	1853",浙江卫视,"	0.093"
27056,"	2014-12-06","	1854",浙江卫视,"	0.098"
27057,"	2014-12-06","	1855",浙江卫视,"	0.086"
27058,"	2014-12-06","	1856",浙江卫视,"	0.107"
27059,"	2014-12-06","	1857",浙江卫视,"	0.116"
27060,"	2014-12-06","	1858",浙江卫视,"	0.105"
27061,"	2014-12-06","	1859",浙江卫视,"	0.095"
27062,"	2014-12-06","	1900",浙江卫视,"	0.087"
27063,"	2014-12-06","	1901",浙江卫视,"	0.107"
27064,"	2014-12-06","	1902",浙江卫视,"	0.098"
27065,"	2014-12-06","	1903",浙江卫视,"	0.098"
27066,"	2014-12-06","	1904",浙江卫视,"	0.104"
27067,"	2014-12-06","	1905",浙江卫视,"	0.101"
27068,"	2014-12-06","	1906",浙江卫视,"	0.098"
27069,"	2014-12-06","	1907",浙江卫视,"	0.105"
27070,"	2014-12-06","	1908",浙江卫视,"	0.111"
27071,"	2014-12-06","	1909",浙江卫视,"	0.098"
27072,"	2014-12-06","	1910",浙江卫视,"	0.069"
27073,"	2014-12-06","	1911",浙江卫视,"	0.061"
27074,"	2014-12-06","	1912",浙江卫视,"	0.055"
27075,"	2014-12-06","	1913",浙江卫视,"	0.057"
27076,"	2014-12-06","	1914",浙江卫视,"	0.072"
27077,"	2014-12-06","	1915",浙江卫视,"	0.075"
27078,"	2014-12-06","	1916",浙江卫视,"	0.071"
27079,"	2014-12-06","	1917",浙江卫视,"	0.070"
27080,"	2014-12-06","	1918",浙江卫视,"	0.071"
27081,"	2014-12-06","	1919",浙江卫视,"	0.080"
27082,"	2014-12-06","	1920",浙江卫视,"	0.089"
27083,"	2014-12-06","	1921",浙江卫视,"	0.101"
27084,"	2014-12-06","	1922",浙江卫视,"	0.103"
27085,"	2014-12-06","	1923",浙江卫视,"	0.104"
27086,"	2014-12-06","	1924",浙江卫视,"	0.101"
27087,"	2014-12-06","	1925",浙江卫视,"	0.097"
27088,"	2014-12-06","	1926",浙江卫视,"	0.097"
27089,"	2014-12-06","	1927",浙江卫视,"	0.087"
27090,"	2014-12-06","	1928",浙江卫视,"	0.107"
27091,"	2014-12-06","	1929",浙江卫视,"	0.103"
27092,"	2014-12-06","	1930",浙江卫视,"	0.089"
27093,"	2014-12-06","	1931",浙江卫视,"	0.070"
27094,"	2014-12-06","	1932",浙江卫视,"	0.074"
27095,"	2014-12-06","	1933",浙江卫视,"	0.098"
27096,"	2014-12-06","	1934",浙江卫视,"	0.133"
27097,"	2014-12-06","	1935",浙江卫视,"	0.173"
27098,"	2014-12-06","	1936",浙江卫视,"	0.219"
27099,"	2014-12-06","	1937",浙江卫视,"	0.249"
27100,"	2014-12-06","	1938",浙江卫视,"	0.293"
27101,"	2014-12-06","	1939",浙江卫视,"	0.304"
27102,"	2014-12-06","	1940",浙江卫视,"	0.310"
27103,"	2014-12-06","	1941",浙江卫视,"	0.300"
27104,"	2014-12-06","	1942",浙江卫视,"	0.269"
27105,"	2014-12-06","	1943",浙江卫视,"	0.257"
27106,"	2014-12-06","	1944",浙江卫视,"	0.254"
27107,"	2014-12-06","	1945",浙江卫视,"	0.265"
27108,"	2014-12-06","	1946",浙江卫视,"	0.258"
27109,"	2014-12-06","	1947",浙江卫视,"	0.236"
27110,"	2014-12-06","	1948",浙江卫视,"	0.215"
27111,"	2014-12-06","	1949",浙江卫视,"	0.252"
27112,"	2014-12-06","	1950",浙江卫视,"	0.281"
27113,"	2014-12-06","	1951",浙江卫视,"	0.314"
27114,"	2014-12-06","	1952",浙江卫视,"	0.320"
27115,"	2014-12-06","	1953",浙江卫视,"	0.337"
27116,"	2014-12-06","	1954",浙江卫视,"	0.334"
27117,"	2014-12-06","	1955",浙江卫视,"	0.290"
27118,"	2014-12-06","	1956",浙江卫视,"	0.261"
27119,"	2014-12-06","	1957",浙江卫视,"	0.260"
27120,"	2014-12-06","	1958",浙江卫视,"	0.277"
27121,"	2014-12-06","	1959",浙江卫视,"	0.301"
27122,"	2014-12-06","	2000",浙江卫视,"	0.327"
27123,"	2014-12-06","	2001",浙江卫视,"	0.341"
27124,"	2014-12-06","	2002",浙江卫视,"	0.336"
27125,"	2014-12-06","	2003",浙江卫视,"	0.353"
27126,"	2014-12-06","	2004",浙江卫视,"	0.400"
27127,"	2014-12-06","	2005",浙江卫视,"	0.397"
27128,"	2014-12-06","	2006",浙江卫视,"	0.395"
27129,"	2014-12-06","	2007",浙江卫视,"	0.396"
27130,"	2014-12-06","	2008",浙江卫视,"	0.320"
27131,"	2014-12-06","	2009",浙江卫视,"	0.266"
27132,"	2014-12-06","	2010",浙江卫视,"	0.244"
27133,"	2014-12-06","	2011",浙江卫视,"	0.219"
27134,"	2014-12-06","	2012",浙江卫视,"	0.211"
27135,"	2014-12-06","	2013",浙江卫视,"	0.210"
27136,"	2014-12-06","	2014",浙江卫视,"	0.222"
27137,"	2014-12-06","	2015",浙江卫视,"	0.211"
27138,"	2014-12-06","	2016",浙江卫视,"	0.221"
27139,"	2014-12-06","	2017",浙江卫视,"	0.222"
27140,"	2014-12-06","	2018",浙江卫视,"	0.207"
27141,"	2014-12-06","	2019",浙江卫视,"	0.193"
27142,"	2014-12-06","	2020",浙江卫视,"	0.196"
27143,"	2014-12-06","	2021",浙江卫视,"	0.162"
27144,"	2014-12-06","	2022",浙江卫视,"	0.162"
27145,"	2014-12-06","	2023",浙江卫视,"	0.183"
27146,"	2014-12-06","	2024",浙江卫视,"	0.250"
27147,"	2014-12-06","	2025",浙江卫视,"	0.308"
27148,"	2014-12-06","	2026",浙江卫视,"	0.353"
27149,"	2014-12-06","	2027",浙江卫视,"	0.395"
27150,"	2014-12-06","	2028",浙江卫视,"	0.414"
27151,"	2014-12-06","	2029",浙江卫视,"	0.413"
27152,"	2014-12-06","	2030",浙江卫视,"	0.426"
27153,"	2014-12-06","	2031",浙江卫视,"	0.394"
27154,"	2014-12-06","	2032",浙江卫视,"	0.409"
27155,"	2014-12-06","	2033",浙江卫视,"	0.419"
27156,"	2014-12-06","	2034",浙江卫视,"	0.459"
27157,"	2014-12-06","	2035",浙江卫视,"	0.505"
27158,"	2014-12-06","	2036",浙江卫视,"	0.532"
27159,"	2014-12-06","	2037",浙江卫视,"	0.508"
27160,"	2014-12-06","	2038",浙江卫视,"	0.479"
27161,"	2014-12-06","	2039",浙江卫视,"	0.446"
27162,"	2014-12-06","	2040",浙江卫视,"	0.409"
27163,"	2014-12-06","	2041",浙江卫视,"	0.351"
27164,"	2014-12-06","	2042",浙江卫视,"	0.335"
27165,"	2014-12-06","	2043",浙江卫视,"	0.304"
27166,"	2014-12-06","	2044",浙江卫视,"	0.311"
27167,"	2014-12-06","	2045",浙江卫视,"	0.304"
27168,"	2014-12-06","	2046",浙江卫视,"	0.310"
27169,"	2014-12-06","	2047",浙江卫视,"	0.296"
27170,"	2014-12-06","	2048",浙江卫视,"	0.285"
27171,"	2014-12-06","	2049",浙江卫视,"	0.310"
27172,"	2014-12-06","	2050",浙江卫视,"	0.319"
27173,"	2014-12-06","	2051",浙江卫视,"	0.293"
27174,"	2014-12-06","	2052",浙江卫视,"	0.298"
27175,"	2014-12-06","	2053",浙江卫视,"	0.284"
27176,"	2014-12-06","	2054",浙江卫视,"	0.293"
27177,"	2014-12-06","	2055",浙江卫视,"	0.327"
27178,"	2014-12-06","	2056",浙江卫视,"	0.384"
27179,"	2014-12-06","	2057",浙江卫视,"	0.391"
27180,"	2014-12-06","	2058",浙江卫视,"	0.382"
27181,"	2014-12-06","	2059",浙江卫视,"	0.311"
27182,"	2014-12-06","	2100",浙江卫视,"	0.170"
27183,"	2014-12-06","	2101",浙江卫视,"	0.144"
27184,"	2014-12-06","	2102",浙江卫视,"	0.143"
27185,"	2014-12-06","	2103",浙江卫视,"	0.169"
27186,"	2014-12-06","	2104",浙江卫视,"	0.182"
27187,"	2014-12-06","	2105",浙江卫视,"	0.202"
27188,"	2014-12-06","	2106",浙江卫视,"	0.213"
27189,"	2014-12-06","	2107",浙江卫视,"	0.215"
27190,"	2014-12-06","	2108",浙江卫视,"	0.234"
27191,"	2014-12-06","	2109",浙江卫视,"	0.236"
27192,"	2014-12-06","	2110",浙江卫视,"	0.256"
27193,"	2014-12-06","	2111",浙江卫视,"	0.248"
27194,"	2014-12-06","	2112",浙江卫视,"	0.229"
27195,"	2014-12-06","	2113",浙江卫视,"	0.249"
27196,"	2014-12-06","	2114",浙江卫视,"	0.319"
27197,"	2014-12-06","	2115",浙江卫视,"	0.354"
27198,"	2014-12-06","	2116",浙江卫视,"	0.382"
27199,"	2014-12-06","	2117",浙江卫视,"	0.433"
27200,"	2014-12-06","	2118",浙江卫视,"	0.452"
27201,"	2014-12-06","	2119",浙江卫视,"	0.449"
27202,"	2014-12-06","	2120",浙江卫视,"	0.405"
27203,"	2014-12-06","	2121",浙江卫视,"	0.403"
27204,"	2014-12-06","	2122",浙江卫视,"	0.374"
27205,"	2014-12-06","	2123",浙江卫视,"	0.334"
27206,"	2014-12-06","	2124",浙江卫视,"	0.339"
27207,"	2014-12-06","	2125",浙江卫视,"	0.367"
27208,"	2014-12-06","	2126",浙江卫视,"	0.369"
27209,"	2014-12-06","	2127",浙江卫视,"	0.364"
27210,"	2014-12-06","	2128",浙江卫视,"	0.289"
27211,"	2014-12-06","	2129",浙江卫视,"	0.259"
27212,"	2014-12-06","	2130",浙江卫视,"	0.229"
27213,"	2014-12-06","	2131",浙江卫视,"	0.248"
27214,"	2014-12-06","	2132",浙江卫视,"	0.252"
27215,"	2014-12-06","	2133",浙江卫视,"	0.272"
27216,"	2014-12-06","	2134",浙江卫视,"	0.315"
27217,"	2014-12-06","	2135",浙江卫视,"	0.361"
27218,"	2014-12-06","	2136",浙江卫视,"	0.426"
27219,"	2014-12-06","	2137",浙江卫视,"	0.480"
27220,"	2014-12-06","	2138",浙江卫视,"	0.492"
27221,"	2014-12-06","	2139",浙江卫视,"	0.561"
27222,"	2014-12-06","	2140",浙江卫视,"	0.549"
27223,"	2014-12-06","	2141",浙江卫视,"	0.559"
27224,"	2014-12-06","	2142",浙江卫视,"	0.571"
27225,"	2014-12-06","	2143",浙江卫视,"	0.534"
27226,"	2014-12-06","	2144",浙江卫视,"	0.544"
27227,"	2014-12-06","	2145",浙江卫视,"	0.518"
27228,"	2014-12-06","	2146",浙江卫视,"	0.523"
27229,"	2014-12-06","	2147",浙江卫视,"	0.550"
27230,"	2014-12-06","	2148",浙江卫视,"	0.579"
27231,"	2014-12-06","	2149",浙江卫视,"	0.617"
27232,"	2014-12-06","	2150",浙江卫视,"	0.653"
27233,"	2014-12-06","	2151",浙江卫视,"	0.629"
27234,"	2014-12-06","	2152",浙江卫视,"	0.650"
27235,"	2014-12-06","	2153",浙江卫视,"	0.663"
27236,"	2014-12-06","	2154",浙江卫视,"	0.633"
27237,"	2014-12-06","	2155",浙江卫视,"	0.599"
27238,"	2014-12-06","	2156",浙江卫视,"	0.584"
27239,"	2014-12-06","	2157",浙江卫视,"	0.537"
27240,"	2014-12-06","	2158",浙江卫视,"	0.496"
27241,"	2014-12-06","	2159",浙江卫视,"	0.530"
27242,"	2014-12-06","	2200",浙江卫视,"	0.545"
27243,"	2014-12-06","	2201",浙江卫视,"	0.571"
27244,"	2014-12-06","	2202",浙江卫视,"	0.601"
27245,"	2014-12-06","	2203",浙江卫视,"	0.590"
27246,"	2014-12-06","	2204",浙江卫视,"	0.598"
27247,"	2014-12-06","	2205",浙江卫视,"	0.607"
27248,"	2014-12-06","	2206",浙江卫视,"	0.637"
27249,"	2014-12-06","	2207",浙江卫视,"	0.658"
27250,"	2014-12-06","	2208",浙江卫视,"	0.687"
27251,"	2014-12-06","	2209",浙江卫视,"	0.683"
27252,"	2014-12-06","	2210",浙江卫视,"	0.685"
27253,"	2014-12-06","	2211",浙江卫视,"	0.670"
27254,"	2014-12-06","	2212",浙江卫视,"	0.673"
27255,"	2014-12-06","	2213",浙江卫视,"	0.700"
27256,"	2014-12-06","	2214",浙江卫视,"	0.705"
27257,"	2014-12-06","	2215",浙江卫视,"	0.711"
27258,"	2014-12-06","	2216",浙江卫视,"	0.701"
27259,"	2014-12-06","	2217",浙江卫视,"	0.689"
27260,"	2014-12-06","	2218",浙江卫视,"	0.638"
27261,"	2014-12-06","	2219",浙江卫视,"	0.601"
27262,"	2014-12-06","	2220",浙江卫视,"	0.560"
27263,"	2014-12-06","	2221",浙江卫视,"	0.552"
27264,"	2014-12-06","	2222",浙江卫视,"	0.539"
27265,"	2014-12-06","	2223",浙江卫视,"	0.504"
27266,"	2014-12-06","	2224",浙江卫视,"	0.434"
27267,"	2014-12-06","	2225",浙江卫视,"	0.444"
27268,"	2014-12-06","	2226",浙江卫视,"	0.484"
27269,"	2014-12-06","	2227",浙江卫视,"	0.536"
27270,"	2014-12-06","	2228",浙江卫视,"	0.544"
27271,"	2014-12-06","	2229",浙江卫视,"	0.631"
27272,"	2014-12-06","	2230",浙江卫视,"	0.601"
27273,"	2014-12-06","	2231",浙江卫视,"	0.594"
27274,"	2014-12-06","	2232",浙江卫视,"	0.588"
27275,"	2014-12-06","	2233",浙江卫视,"	0.566"
27276,"	2014-12-06","	2234",浙江卫视,"	0.573"
27277,"	2014-12-06","	2235",浙江卫视,"	0.603"
27278,"	2014-12-06","	2236",浙江卫视,"	0.627"
27279,"	2014-12-06","	2237",浙江卫视,"	0.674"
27280,"	2014-12-06","	2238",浙江卫视,"	0.711"
27281,"	2014-12-06","	2239",浙江卫视,"	0.646"
27282,"	2014-12-06","	2240",浙江卫视,"	0.573"
27283,"	2014-12-06","	2241",浙江卫视,"	0.573"
27284,"	2014-12-06","	2242",浙江卫视,"	0.585"
27285,"	2014-12-06","	2243",浙江卫视,"	0.567"
27286,"	2014-12-06","	2244",浙江卫视,"	0.478"
27287,"	2014-12-06","	2245",浙江卫视,"	0.411"
27288,"	2014-12-06","	2246",浙江卫视,"	0.280"
27289,"	2014-12-06","	2247",浙江卫视,"	0.244"
27290,"	2014-12-06","	2248",浙江卫视,"	0.219"
27291,"	2014-12-06","	2249",浙江卫视,"	0.229"
27292,"	2014-12-06","	2250",浙江卫视,"	0.252"
27293,"	2014-12-06","	2251",浙江卫视,"	0.283"
27294,"	2014-12-06","	2252",浙江卫视,"	0.290"
27295,"	2014-12-06","	2253",浙江卫视,"	0.298"
27296,"	2014-12-06","	2254",浙江卫视,"	0.306"
27297,"	2014-12-06","	2255",浙江卫视,"	0.318"
27298,"	2014-12-06","	2256",浙江卫视,"	0.334"
27299,"	2014-12-06","	2257",浙江卫视,"	0.347"
27300,"	2014-12-06","	2258",浙江卫视,"	0.339"
27301,"	2014-12-06","	2259",浙江卫视,"	0.348"
27302,"	2014-12-06","	2300",浙江卫视,"	0.338"
27303,"	2014-12-06","	2301",浙江卫视,"	0.336"
27304,"	2014-12-06","	2302",浙江卫视,"	0.342"
27305,"	2014-12-06","	2303",浙江卫视,"	0.336"
27306,"	2014-12-06","	2304",浙江卫视,"	0.304"
27307,"	2014-12-06","	2305",浙江卫视,"	0.277"
27308,"	2014-12-06","	2306",浙江卫视,"	0.302"
27309,"	2014-12-06","	2307",浙江卫视,"	0.296"
27310,"	2014-12-06","	2308",浙江卫视,"	0.293"
27311,"	2014-12-06","	2309",浙江卫视,"	0.246"
27312,"	2014-12-06","	2310",浙江卫视,"	0.238"
27313,"	2014-12-06","	2311",浙江卫视,"	0.251"
27314,"	2014-12-06","	2312",浙江卫视,"	0.256"
27315,"	2014-12-06","	2313",浙江卫视,"	0.268"
27316,"	2014-12-06","	2314",浙江卫视,"	0.276"
27317,"	2014-12-06","	2315",浙江卫视,"	0.247"
27318,"	2014-12-06","	2316",浙江卫视,"	0.245"
27319,"	2014-12-06","	2317",浙江卫视,"	0.245"
27320,"	2014-12-06","	2318",浙江卫视,"	0.247"
27321,"	2014-12-06","	2319",浙江卫视,"	0.240"
27322,"	2014-12-06","	2320",浙江卫视,"	0.255"
27323,"	2014-12-06","	2321",浙江卫视,"	0.279"
27324,"	2014-12-06","	2322",浙江卫视,"	0.287"
27325,"	2014-12-06","	2323",浙江卫视,"	0.303"
27326,"	2014-12-06","	2324",浙江卫视,"	0.284"
27327,"	2014-12-06","	2325",浙江卫视,"	0.277"
27328,"	2014-12-06","	2326",浙江卫视,"	0.269"
27329,"	2014-12-06","	2327",浙江卫视,"	0.274"
27330,"	2014-12-06","	2328",浙江卫视,"	0.290"
27331,"	2014-12-06","	2329",浙江卫视,"	0.311"
27332,"	2014-12-06","	2330",浙江卫视,"	0.318"
27333,"	2014-12-06","	2331",浙江卫视,"	0.335"
27334,"	2014-12-06","	2332",浙江卫视,"	0.334"
27335,"	2014-12-06","	2333",浙江卫视,"	0.351"
27336,"	2014-12-06","	2334",浙江卫视,"	0.349"
27337,"	2014-12-06","	2335",浙江卫视,"	0.343"
27338,"	2014-12-06","	2336",浙江卫视,"	0.346"
27339,"	2014-12-06","	2337",浙江卫视,"	0.339"
27340,"	2014-12-06","	2338",浙江卫视,"	0.353"
27341,"	2014-12-06","	2339",浙江卫视,"	0.360"
27342,"	2014-12-06","	2340",浙江卫视,"	0.357"
27343,"	2014-12-06","	2341",浙江卫视,"	0.371"
27344,"	2014-12-06","	2342",浙江卫视,"	0.376"
27345,"	2014-12-06","	2343",浙江卫视,"	0.376"
27346,"	2014-12-06","	2344",浙江卫视,"	0.367"
27347,"	2014-12-06","	2345",浙江卫视,"	0.359"
27348,"	2014-12-06","	2346",浙江卫视,"	0.348"
27349,"	2014-12-06","	2347",浙江卫视,"	0.315"
27350,"	2014-12-06","	2348",浙江卫视,"	0.291"
27351,"	2014-12-06","	2349",浙江卫视,"	0.231"
27352,"	2014-12-06","	2350",浙江卫视,"	0.160"
27353,"	2014-12-06","	2351",浙江卫视,"	0.110"
27354,"	2014-12-06","	2352",浙江卫视,"	0.087"
27355,"	2014-12-06","	2353",浙江卫视,"	0.095"
27356,"	2014-12-06","	2354",浙江卫视,"	0.150"
27357,"	2014-12-06","	2355",浙江卫视,"	0.176"
27358,"	2014-12-06","	2356",浙江卫视,"	0.164"
27359,"	2014-12-06","	2357",浙江卫视,"	0.125"
27360,"	2014-12-06","	2358",浙江卫视,"	0.082"
27361,"	2014-12-06","	2359",浙江卫视,"	0.014"
